2050422579911966808	Sat May 02 03:50:12 +0000 2026	بر اساس گزارش‌ها، حسام علاءالدین، ۴۰ ساله و از مالکان پاساژ علاالدین، که به‌دلیل داشتن اینترنت ماهواره‌ای استارلینک توسط مأموران جمهوری اسلامی بازداشت شده بود، جان خود را از دست داده و پیکر بی‌جانش را به خانواده‌اش تحویل دادند.او پدر دو دختر خردسال دوقلو بود..  @iraneazadvaabad https://t.co/VUqOv2N59y
2050387614637740412	Sat May 02 01:31:16 +0000 2026	هیچ چیز این داستان به عقل جور در نمیاد. اولا که حکومت هنوز راه خوبی برای شناسایی استارلینک نداره. بعد این یارو میلیاردر هست و احتمالا تو یک برجی در شمال تهران زندگی می‌کنه، یعنی چی ریختن تو خونش؟ بعد همچین آدم وصلی چجوری یک ماه بازداشت بوده و خانواده هم از وضعش مطلع نبودند؟!
2050358890244788263	Fri May 01 23:37:07 +0000 2026	روزنامه نیویورک پست گزارش داده که در جریان سرکوب‌های اخیر در ایران، یک مرد ۴۰ ساله به نام حسام علاءالدین، پدر دو فرزند، پس از بازداشت به‌دلیل استفاده از اینترنت استارلینک، به‌طرز مرگباری مورد ضرب‌وشتم قرار گرفته و جان خود را از دست داده است؛ طبق این گزارش، نیروهای امنیتی پس از پیدا کردن دستگاه استارلینک در خانه‌اش، او را همان‌جا به‌شدت کتک زده‌اند و گفته می‌شود پیکر او تنها زمانی به خانواده تحویل داده شده که تعهد داده‌اند درباره مرگش صحبت نکنند، این در حالی است که همزمان گزارش‌هایی از اعدام یک قهرمان ۲۱ ساله کاراته به نام ساسان آزادور جونقانی نیز منتشر شده که گفته می‌شود پس از شرکت در یک اعتراض بازداشت، تحت فشار و شکنجه وادار به اعتراف شده و سپس اعدام شده است؛ این موارد بخشی از موج گسترده‌تری از سرکوب‌ها عنوان شده که شامل ده‌ها اعدام و برخوردهای شدید در بحبوحه محدودیت‌های اینترنتی و تلاش برای کنترل جریان اطلاعات در کشور است.
2050319832222925232	Fri May 01 21:01:55 +0000 2026	طی دوران جنگ کسانی که به دلایلی مثل استارلینک بازداشت میشدن شانس داشتن سالم بیان بیرون چون رژیم زیر فشار شدید جنگی و اضطرار بود. اما الان رژیم بخاطر استارلینک آدم میکشه و بسرعت اعدام میکنه. خارج نشین‌های نه_به_جنگ گو هم خیالشون راحت شد و رفتن خونشون، خوشحالید الان نه؟ https://t.co/wHO4hJLn8x
2050319756775825657	Fri May 01 21:01:37 +0000 2026	میگن چرا تو دنیا اسلام ستیزی وجود داره. فکن  خبر بازداشت و کشته شدن یه نفر به جرم داشتن استارلینک تو ایران رو بشنون. دوست داری درباره اسلام و شیعه چه فکری بکنن؟؟؟ حالا بقیه موارد که بماند... #اسلام_ستیزی
2050311815733690682	Fri May 01 20:30:04 +0000 2026	۲) بازداشت شده بود؛ اتهامی که به استفاده از استارلینک نسبت داده شده و ابهامات زیادی درباره مبنای آن وجود دارد.  گزارش‌های منتشر شده حاکی از آن است که این شهروند پیش از بازداشت، زندگی عادی داشته و مرگ او در بازداشت، نگرانی‌هایی جدی درباره وضعیت سایر بازداشت‌شدگان ایجاد کرده است. https://t.co/Ufd1Ejl69V
2050311809823818058	Fri May 01 20:30:03 +0000 2026	۱) حسام علاءالدین از وابستگاه مالک پاساژ علاءالدین به خاطر داشتن استارلینک، زیر شکنجه کشته شد  حسام علاءالدین، شهروندی حدوداً ۴۰ ساله و پدر دو دختر دوقلو، پس از بازداشت توسط نیروهای امنیتی جان خود را از دست داده است.  او به‌همراه برادرش و با اتهام «استفاده از اینترنت جهانی»👇 https://t.co/2U3DLKOjxM
2050309559718170907	Fri May 01 20:21:06 +0000 2026	حسام علاءالدین، از بستگان مالک پاساژ علاءالدین، به‌دلیل داشتن اینترنت استارلینک در خانه‌اش بازداشت شد. بنا بر گزارش‌های منتشرشده، مزدوران خامنه‌ای او را زنده از منزلش بردند و چند روز بعد، با خانواده‌اش تماس گرفتند تا برای تحویل گرفتن پیکرش مراجعه کنند.  #مرگ_بر_ارتجاع_ساواک_باشه_یا_سپاه #حرف_اول_حرف_آخر_سرنگونی_سرنگونی #کانونهای_شورشی_مجاهد_خلق #آری_به_جمهوری_دموکراتیک #حکومت_شیادان #حکومت_دزدان_غارتگران #ایران_رو_پس_میگیریم  #تیک_تاک_سرنگونی
2050306921354162433	Fri May 01 20:10:37 +0000 2026	شهروند ۴۰ ساله، «به‌دلیل داشتن اینترنت ماهواره‌ای استارلینک» بازداشت شده بود، در اثر شکنجه در بازداشت جان باخته و پیکرش به خانواده‌اش تحویل داده شده است. https://t.co/sGQpaoT1lx
2050305101995110524	Fri May 01 20:03:23 +0000 2026	سری پیش که مامانم اومد به دیدارم، براش استارلینک خریدم  قبل برگشتش به ایران به صورت تصادفی تو خبرها خوندم که دولت ایران کسانی رو که استارلینک دارن بازداشت و مجازات میکنه😣 چقدر بدبختیم که باید بگم چقدر خوب شد بهش ندادم با خودش بیره ایران😐  #حسام_علاءالدین  #IranMassacre‌
2050276278385696893	Fri May 01 18:08:51 +0000 2026	حسام علاءالدین، حدود ۴۰ ساله و پدر دوقلوها، پس از بازداشت توسط نیروهای امنیتی جان باخت. او همراه برادرش با اتهام «استفاده از اینترنت جهانی» (نسبت‌داده‌شده به استارلینک) بازداشت شده بود؛ اتهامی مبهم و بحث‌برانگیز. #مرگ_بر_جمهوری_اسلامی #زندانیان_سیاسی
2050269114686374125	Fri May 01 17:40:23 +0000 2026	خلاصه چیزایی که تو این هفته تو توییتر دیدیم: یک جوون به خاطر پرتاب سنگ اعدام کردن پدر یک خانواده به دلیل داشتن استارلینک کشته شد دو تا بچه به دلیل بی کاری پدر گرسنه هستند و سو تغذیه دارن! 😭😭😭😭😭😭😭😭
2050268850315255948	Fri May 01 17:39:20 +0000 2026	🔺از بازداشت دو خواهر به جرم درخواست پیکر برادر اعدام‌شده تا مرگ مشکوک پس از بازداشت به اتهام داشتن استارلینک  ⬇️ بیشتر بخوانید:  https://t.co/Yrehewb8eK https://t.co/tdjUmqksY3
2050261971258233086	Fri May 01 17:12:00 +0000 2026	مرگ مشکوک حسام علاءالدین در بازداشتگاه؛ ابهام درباره شکنجه پس از بازداشت با اتهام استفاده از استارلینک  کانون حقوق بشر ایران، جمعه ۱۱ اردیبهشت‌ماه ۱۴۰۵ - مرگ #حسام_علاءالدین در #بازداشتگاه پس از #بازداشت به اتهام استفاده از #اینترنت جهانی، موج تازه‌ای از نگرانی درباره وضعیت #بازداشت‌شدگان در شکنجه‌گاه‌های امنیتی ایجاد کرده است. حسام علاءالدین، شهروندی حدوداً ۴۰ ساله و پدر دو دختر دوقلو، پس از بازداشت همراه با برادرش جان خود را از دست داد؛ رخدادی که در غیاب هرگونه توضیح رسمی درباره علت مرگ یا شرایط بازداشت، فرضیه شکنجه منجر به مرگ را پررنگ کرده است. #حقوق_بشر ادامه خبر (https://t.co/283uBeXZBG)
2050260967863308633	Fri May 01 17:08:01 +0000 2026	#Iran حسام علاءالدین، از بستگان مالک پاساژ علاءالدین، به‌دلیل داشتن اینترنت استارلینک در خانه‌اش بازداشت شد. بنا بر گزارش‌های منتشرشده، مزدوران خامنه‌ای او را زنده از منزلش بردند و چند روز بعد، با خانواده‌اش تماس گرفتند تا برای تحویل گرفتن پیکرش مراجعه کنند. https://t.co/SYU133tgX9
2050256550657478792	Fri May 01 16:50:28 +0000 2026	🔴 مرگ مشکوک حسام علاءالدین بر اثر شکنجه در بازداشتگاه؛ نامبردە پس‌از اتهام استفاده از استارلینک بازداشت شدە بود!  حسام علاءالدین، شهروندی حدوداً ۴۰ ساله و پدر دو دختر دوقلو، پس از بازداشت توسط نیروهای امنیتی جان خود را از دست داده است.  حسام علاءالدین، از بستگان مالک پاساژ علاءالدین، به‌دلیل داشتن اینترنت استارلینک در خانه‌اش بازداشت شد. بنا بر گزارش‌های منتشرشده، مزدوران خامنه‌ای او را زنده از منزلش بردند و چند روز بعد، با خانواده‌اش تماس گرفتند تا برای تحویل گرفتن پیکرش مراجعه کنند.  گزارش‌های منتشر شده حاکی از آن است که این شهروند پیش از بازداشت، زندگی عادی داشته و مرگ او در بازداشت، نگرانی‌هایی جدی درباره وضعیت سایر بازداشت‌شدگان ایجاد کرده است.  این روایت، بار دیگر چهره جنایتکار حکومتی را نشان می‌دهد که حتی داشتن راه ارتباطی آزاد با جهان را با بازداشت، شکنجه و مرگ پاسخ می‌دهد.
2050256087647953186	Fri May 01 16:48:37 +0000 2026	اینکه فکر میکنین علاالدین‌ رو بخاطر استارلینک کشتن هم جالبه در نوع خودش خانواده ای که تا فی خالدون وصلن و دو تا از بزرگترین و بی ریخت ترین و دزد ترین پاساژهای ایران رو میچرخونن، و معلوم نیست چه کثافت کاریایی کردن، استارلینک بهونه بسیار بسیار دم دستی و کوچیکی واسشون
2050253337254133955	Fri May 01 16:37:42 +0000 2026	۲ حسام علاءالدین، از بستگان مالک پاساژ علاءالدین، حدود دو هفته پیش بازداشت شده و پاسداران رژیم او را برای بازرسی به منزلش منتقل کرده‌اند. در جریان تفتیش، پس از کشف تجهیزات مربوط به اینترنت ماهواره‌ای استارلینک و مقاومت او، ماموران وی را به‌شدت مورد ضرب‌وشتم قرار داده‌اند که منجر
2050251016658997393	Fri May 01 16:28:28 +0000 2026	مرگ مشکوک حسام علاءالدین بـر اثـر شکنجــه در بـازداشتگاه؛  پس از اتهام استفاده از استارلینک  #حسام_علاءالدین، شهروندی حدوداً ۴۰ ساله و پدر دو دختر دوقلو، پس از #بازداشت توسط نیروهای امنیتی جان خود را از دست داده است.  او به‌همراه برادرش و با اتهام «استفاده از #اینترنت جهانی» https://t.co/KcU6uJjcUK
2050250971310064103	Fri May 01 16:28:18 +0000 2026	مرگ مشکوک حسام علاءالدین بـر اثـر شکنجــه در بـازداشتگاه؛   پس از اتهام استفاده از استارلینک  #حسام_علاءالدین، شهروندی حدوداً ۴۰ ساله و پدر دو دختر دوقلو، پس از #بازداشت توسط نیروهای امنیتی جان خود را از دست داده است.  او به‌همراه برادرش و با اتهام «استفاده از #اینترنت جهانی» https://t.co/J4pSNXfThy
2050249370990256159	Fri May 01 16:21:56 +0000 2026	شاهزاده رضا پهلوی در واکنش به خبر کشته شدن حسام علاءالدین، از بستگان مالک پاساژ علاءالدین تهران، در ایکس نوشت: «حکومت «جنایتکار» جمهوری اسلامی حسام علاءالدین را پس از بازداشت به دلیل استفاده از استارلینک، زیر شکنجه کشت.»  شاهزاده رضا پهلوی با اشاره به قطعی اینترنت از ابتدای جنگ، نوشت: «این حکومت ۶۲ روز است اینترنت را قطع کرده و به کشتار مردم ایران ادامه می‌دهد؛ جهان نمی‌تواند سکوت کند.» https://t.co/S8T3FrBgih
2050247292725166217	Fri May 01 16:13:40 +0000 2026	✅ حسام علاءالدین، شهروند ۴۰ ساله که گفته می‌شود «به‌دلیل داشتن اینترنت ماهواره‌ای استارلینک» بازداشت شده بود، از دنیا رفت.  بنا بر گزارش‌ها او که پدر دو دختر بود،‌ در اثر شکنجه در بازداشت جان باخته است و پیکر بی‌جانش را به خانواده‌اش تحویل دادند.  همزمان با قطع اینترنت و سانسور گسترده در ایران، جمهوری اسلامی ایرانیانی که از وسایل ارتباطی چون استارلینک و یا شبکه‌های اجتماعی استفاده کنند را دستگیر و مجازات می‌کند. اينديپندت
2050247029796774069	Fri May 01 16:12:38 +0000 2026	هرجای دنیا بری بگی تو ایران یه نفر رو بازداشت کردند چون اینترنت استارلینک داشته اول مسخره‌ت میکنند، بعد بگی طرف رو تو همون بازداشت و زندان شکنجه کردند, با تعجب نگاهت میکنند و بعدتر که بگی طرف زیر شکنجه تو زندان کشته شده، مستقیم میبرنت تیمارستان..  #حسام_علاءالدین  #IranMassacre‌ https://t.co/WpeKGoV24G
2050242536061423944	Fri May 01 15:54:46 +0000 2026	شاهزاده رضا پهلوی در واکنش به خبر کشته شدن حسام علاءالدین، از بستگان مالک پاساژ علاءالدین تهران، در ایکس نوشت: حکومت «جنایتکار» جمهوری اسلامی حسام علاءالدین را پس از بازداشت به دلیل استفاده از استارلینک زیر شکنجه کشت
2050238271918047636	Fri May 01 15:37:50 +0000 2026	کاربران شبکه‌های اجتماعی از جان باختن حسام علاءالدین، شهروند ۴۰ ساله که گفته می‌شود «به‌دلیل داشتن اینترنت ماهواره‌ای استارلینک» بازداشت شده بود، خبر می‌دهند.  بنا بر گزارش‌ها او که پدر دو دختر بود،‌ در اثر شکنجه در بازداشت جان باخته است و پیکر بی‌جانش را به خانواده‌اش تحویل دادند.  همزمان با قطع اینترنت و سانسور گسترده در ایران، جمهوری اسلامی ایرانیانی که از وسایل ارتباطی چون استارلینک و یا شبکه‌های اجتماعی استفاده کنند را دستگیر و مجازات می‌کند.
2050235587882299489	Fri May 01 15:27:10 +0000 2026	حسام علاءالدین، از بستگان مالک پاساژ علاءالدین، به‌دلیل داشتن اینترنت استارلینک در خانه‌اش بازداشت شد. بنا بر گزارش‌های منتشرشده، مزدوران خامنه‌ای او را زنده از منزلش بردند و چند روز بعد، با خانواده‌اش تماس گرفتند تا برای تحویل گرفتن پیکرش مراجعه کنند. https://t.co/O2pP9qT019
2050234984581955874		
2050234636328992803	Fri May 01 15:23:23 +0000 2026	گزارش‌ها حاکی است که حسام علاءالدین، شهروند ۴۰ ساله اهل تهران و پدر دو کودک، پس از بازداشت توسط نیروهای امنیتی و در پی ضرب‌وشتم جان خود را از دست داده است. بر اساس این گزارش‌ها، اتهام او مالکیت اینترنت ماهواره‌ای استارلینک»عنوان شده است.  به گزارش ایران‌وایر به نقل منابع مطلع، حسام علاءالدین حدود دو هفته پیش بازداشت و برای بازرسی به منزلش منتقل شده بود. گزارش‌ها می‌گویند در جریان تفتیش، پس از کشف تجهیزات مربوط به اینترنت ماهواره‌ای، او مورد ضرب‌وشتم شدید قرار گرفته و در همان محل جان باخته است.  این منابع گفته‌اند، نهادهای امنیتی جمهوری اسلامی ایران پس از این حادثه، خبر مرگ او را پنهان کرده و پیکرش را به مکان نامعلومی منتقل کرده‌اند. به گفته این منابع، پیکر او چند روز بعد و پس از گرفتن تعهد از خانواده برای عدم اطلاع‌رسانی، تحویل داده شده است.  بر اساس این گزارش‌ها، مراسم خاکسپاری او روز چهارشنبه نهم اردیبهشت‌ماه تحت تدابیر امنیتی و با محدودیت اطلاع‌رسانی برگزار شده است.
2050231534284599549	Fri May 01 15:11:03 +0000 2026	🔴 مرگ مشکوک حسام علاءالدین بـر اثـر شکنجــه در بـازداشتگاه؛ پس از اتهام استفاده از استارلینک  حسام علاءالدین، شهروندی حدوداً ۴۰ ساله و پدر دو دختر دوقلو، پس از بازداشت توسط نیروهای امنیتی جان خود را از دست داده است. #حکومت_جنایتکاران_و_شکنجه_گران https://t.co/ygJI9CkIw9
2050231444060975397	Fri May 01 15:10:42 +0000 2026	🔴 مرگ مشکوک حسام علاءالدین بـر اثـر شکنجــه در بـازداشتگاه؛ پس از اتهام استفاده از استارلینک  حسام علاءالدین، شهروندی حدوداً ۴۰ ساله و پدر دو دختر دوقلو، پس از بازداشت توسط نیروهای امنیتی جان خود را از دست داده است. #حکومت_جنایتکاران_و_شکنجه_گران https://t.co/qbo9xtTqSp
2050227300113764538	Fri May 01 14:54:14 +0000 2026	قتل حکومتی حسام علاءالدین پس از بازداشت به اتهام استفاده از استارلینک  اردیبهشت ۱۴۰۵  #زن_زندگی_آزادی  #جمهوری_اسلامی_نابود_باید_گردد #نه_به_اعدام #زندانی_سیاسی_آزاد_باید_گردد https://t.co/4dmD03R7N2
2050225950432919639	Fri May 01 14:48:52 +0000 2026	حسام علاءالدین، پدر دو دختر دوقلو، پس از بازداشت توسط نیروهای امنیتی جان باخت.  اتهام: «استفاده از اینترنت جهانی» (مرتبط با استارلینک) اما تا الان هیچ توضیح رسمی درباره علت مرگ او منتشر نشده. مرگی دیگر در بازداشت؛ با ابهام‌های جدی. #حسام_علاءالدین #حقوق_بشر https://t.co/4lUDDGrxIH
2050224508544438650	Fri May 01 14:43:08 +0000 2026	⭕️ مرگ مشکوک حسام علاءالدین بـر اثـر شکنجــه در بـازداشتگاه؛ پس از اتهام استفاده از استارلینک  حسام علاءالدین، شهروندی حدوداً ۴۰ ساله و پدر دو دختر دوقلو، پس از بازداشت توسط نیروهای امنیتی جان خود را از دست داده است.  او به‌همراه برادرش و با اتهام «استفاده از اینترنت جهانی» بازداشت شده بود؛ اتهامی که به استفاده از استارلینک نسبت داده شده و ابهامات زیادی درباره مبنای آن وجود دارد.  گزارش‌های منتشر شده حاکی از آن است که این شهروند پیش از بازداشت، زندگی عادی داشته و مرگ او در بازداشت، نگرانی‌هایی جدی درباره وضعیت سایر بازداشت‌شدگان ایجاد کرده است.  با گذشت زمان از این رویداد، تاکنون هیچ مقام رسمی درباره علت بازداشت یا چگونگی مرگ او توضیحی ارائه نکرده است.  این در حالی است که در ماه‌های اخیر، موارد متعددی از مرگ‌های مشکوک در بازداشتگاه‌ها مطرح شده و نگرانی‌ها درباره امنیت و وضعیت زندانیان افزایش یافته است.  #حسام_علاءالدین #استارلینک #مرگ_در_بازداشت #نه_به_شکنجه #مرگ_مشکوک #اینترنت_آزاد #جان_زندانیان_سیاسی_درخطر_است
2050221254339440718	Fri May 01 14:30:12 +0000 2026	این جان ها، این نام ها، این زندگی ها، تک تک شون مدرک وحشت و زبونی ج ا در مقابل مردم هستن. حسام به خاطر داشتن استارلینک بازداشت شده و زیر شکنجه جانش رو گرفتن. ساسان نوجوان رو به خاطر سنگ پرانی اعدام کردن.  چقدر حقیرین  #DigitalBlackOutIran‌
2050220958716248234	Fri May 01 14:29:02 +0000 2026	به گوش ایلان ماسک برسونید که پدر یه خانواده رو به خاطر استارلینک کشتن #حسام_علاءالدین
2050220914780918011	Fri May 01 14:28:52 +0000 2026	فردی رو به جرم! داشتن استارلینک بازداشت و در اثر شکنجه کشتنش! اون یکی دیگه رو به جرم سنگ‌پرانی اعدام کردن! بعد این جاکشا میگن ۳۲۰۰ کم بوده! ثابت کنید ۴۰۰۰۰هزارتا بوده! جون آدم‌ها براشون صرفا عدده!. https://t.co/u03ENzbZXa
2050218637340926347	Fri May 01 14:19:49 +0000 2026	کاربران شبکه‌های اجتماعی از جان باختن حسام علاءالدین، شهروند ۴۰ ساله که گفته می‌شود «به‌دلیل داشتن اینترنت ماهواره‌ای استارلینک» بازداشت شده بود، خبر می‌دهند.  او که پدر دو دختر بود،‌ در اثر شکنجه در بازداشت جان باخته است و پیکر بی‌جانش را به خانواده‌اش تحویل دادند. https://t.co/i5Y6Dg326z
2050217922706956358	Fri May 01 14:16:58 +0000 2026	مرگ مشکوک حسام علاءالدین بـر اثـر شکنجه در بـازداشتگاه؛ پس از اتهام استفاده از استارلینک  حسام علاءالدین، شهروندی حدوداً ۴۰ ساله و پدر دو دختر دوقلو، پس از بازداشت توسط نیروهای امنیتی جان خود را از دست داده است. #نه_شاه_نه_شیخ  #نه_به‌_اعدام https://t.co/l8k2nSR6iT
2050216602956620190	Fri May 01 14:11:43 +0000 2026	مرگ مشکوک حسام علاءالدین بـر اثـر شکنجــه در بـازداشتگاه؛ پس از اتهام استفاده از استارلینک  حسام علاءالدین، شهروندی حدوداً ۴۰ ساله و پدر دو دختر دوقلو، پس از بازداشت توسط نیروهای امنیتی جان خود را از دست داده است. https://t.co/fMLpMfvUef
2050215613335839225	Fri May 01 14:07:48 +0000 2026	مرگ مشکوک حسام علاءالدین پس از بازداشت با اتهام استفاده از اینترنت استارلینک  حسام علاءالدین، شهروندی حدوداً ۴۰ ساله و پدر دو دختر دوقلو، پس از بازداشت توسط نیروهای امنیتی دچار مرگ مشکوک شد.  تاکنون هیچ مقام رسمی درباره علت بازداشت یا چگونگی مرگ او توضیحی ارائه نکرده است https://t.co/QiQtZ32C5J
2050214215441436851	Fri May 01 14:02:14 +0000 2026	مرگ مشکوک #حسام_علاءالدین، بر اثر شکنجه در بازداشتگاه به جرم استفاده از استارلینک!  حسام علاءالدین، ۴۰ ساله و پدر دو دختر دوقلو، پس از بازداشت توسط نیروهای امنیتی جان خود را از دست داد. او به‌همراه برادرش و با اتهام «استفاده از اینترنت جهانی» بازداشت شده بود. https://t.co/xGVCYYdBIV
2050214169937318048	Fri May 01 14:02:03 +0000 2026	📷📢  🔻🌟👈حسام علاءالدین به خاطر استفاده از استارلینک دستگیر و تا حد مرگ کتک خورد.  جسد بی جان #حسام_علاءالدین (سمت چپ) پس از مدتی پس از دستگیری و ضرب و شتم به اتهام «استفاده از استارلینک» به خانواده اش بازگردانده شد.  این شهروند ۴۰ ساله، خویشاوند احمد علاءالدین، یکی از 👇 https://t.co/nHxqAqZUw4
2050213898163278258	Fri May 01 14:00:59 +0000 2026	حسام علاءالدین، از بستگان مالک پاساژ علاءالدین، به‌دلیل داشتن اینترنت استارلینک در خانه‌اش بازداشت شد. بنا بر گزارش‌های منتشرشده، مزدوران خامنه‌ای او را زنده از منزلش بردند و چند روز بعد، با خانواده‌اش تماس گرفتند تا برای تحویل گرفتن پیکرش مراجعه کنند. https://t.co/BkPK375Ihu
2050213307353559491	Fri May 01 13:58:38 +0000 2026	🔴مرگ مشکوک #حسام_علاءالدین بـر اثـر شکنجــه در بـازداشتگاه؛ پس از اتهام استفاده از استارلینک  حسام علاءالدین، شهروندی حدوداً ۴۰ ساله و پدر دو دختر دوقلو، پس از بازداشت توسط نیروهای امنیتی جان خود را از دست داده است.  او به‌همراه برادرش و با اتهام «استفاده از اینترنت جهانی» بازداشت شده بود؛ اتهامی که به استفاده از استارلینک نسبت داده شده و ابهامات زیادی درباره مبنای آن وجود دارد.  گزارش‌های منتشر شده حاکی از آن است که این شهروند پیش از بازداشت، زندگی عادی داشته و مرگ او در بازداشت، نگرانی‌هایی جدی درباره وضعیت سایر بازداشت‌شدگان ایجاد کرده است.  با گذشت زمان از این رویداد، تاکنون هیچ مقام رسمی درباره علت بازداشت یا چگونگی مرگ او توضیحی ارائه نکرده است.  این در حالی است که در ماه‌های اخیر، موارد متعددی از مرگ‌های مشکوک در بازداشتگاه‌ها مطرح شده و نگرانی‌ها درباره امنیت و وضعیت زندانیان افزایش یافته است. #انحلال_سپاه_پاسداران #IranRevolution #Iran
2050212628492857557		
2050212236937908656	Fri May 01 13:54:23 +0000 2026	حسام علاءالدین؛   تحویل پیکرش پس از بازداشت  حسام علاءالدین، از بستگان مالک پاساژ علاءالدین، به‌دلیل داشتن اینترنت استارلینک در خانه‌اش بازداشت شد. پس از چند روز، خانواده‌اش را خبر کردند تا برای تحویل پیکرش اقدام شود.  این روایت، بار دیگر چهره جنایتکار حکومتی را نشان می‌دهد که حتی داشتن راه ارتباطی آزاد با جهان را با بازداشت، شکنجه و مرگ پاسخ می‌دهد.  #نه_به‌_اعدام  #نه_شاه_نه_شیخ  #MEKResistanceUnits  @volker_turk @drmaisato Iran
2050210693836583057	Fri May 01 13:48:15 +0000 2026	مرگ مشکوک حسام علاءالدین بـر اثـر شکنجــه در بـازداشتگاه؛ پس از اتهام استفاده از استارلینک  حسام علاءالدین، شهروندی حدوداً ۴۰ ساله و پدر دو دختر دوقلو، پس از بازداشت توسط نیروهای امنیتی جان خود را از دست داده است.  او به‌همراه برادرش و با اتهام «استفاده از اینترنت جهانی» بازداشت شده بود؛ اتهامی که به استفاده از استارلینک نسبت داده شده و ابهامات زیادی درباره مبنای آن وجود دارد.  گزارش‌های منتشر شده حاکی از آن است که این شهروند پیش از بازداشت، زندگی عادی داشته و مرگ او در بازداشت، نگرانی‌هایی جدی درباره وضعیت سایر بازداشت‌شدگان ایجاد کرده است.  با گذشت زمان از این رویداد، تاکنون هیچ مقام رسمی درباره علت بازداشت یا چگونگی مرگ او توضیحی ارائه نکرده است.  این در حالی است که در ماه‌های اخیر، موارد متعددی از مرگ‌های مشکوک در بازداشتگاه‌ها مطرح شده و نگرانی‌ها درباره امنیت و وضعیت زندانیان افزایش یافته است.
2050209465371107560	Fri May 01 13:43:22 +0000 2026	مرگ مشکوک حسام علاءالدین بر اثر شکنجه در بازداشتگاه؛ نامبردە پس‌از اتهام استفاده از استارلینک بازداشت شدە بود!  حسام علاءالدین، شهروندی حدوداً ۴۰ ساله و پدر دو دختر دوقلو، پس از بازداشت توسط نیروهای امنیتی جان خود را از دست داده است.  حسام علاءالدین، از بستگان مالک پاساژ علاءالدین، به‌دلیل داشتن اینترنت استارلینک در خانه‌اش بازداشت شد. بنا بر گزارش‌های منتشرشده، مزدوران خامنه‌ای او را زنده از منزلش بردند و چند روز بعد، با خانواده‌اش تماس گرفتند تا برای تحویل گرفتن پیکرش مراجعه کنند.  گزارش‌های منتشر شده حاکی از آن است که این شهروند پیش از بازداشت، زندگی عادی داشته و مرگ او در بازداشت، نگرانی‌هایی جدی درباره وضعیت سایر بازداشت‌شدگان ایجاد کرده است.  این روایت، بار دیگر چهره جنایتکار حکومتی را نشان می‌دهد که حتی داشتن راه ارتباطی آزاد با جهان را با بازداشت، شکنجه و مرگ پاسخ می‌دهد.
2050209332818477062	Fri May 01 13:42:50 +0000 2026	#فوری  🚨📢ایران اینترنشنال:حسام علاءالدینِ ۴۰ ساله از مالکان پاساژ علاءالدین از اقوام مالک پاساژ علاءالدین و پدر دو کودک، بخاطر داشتن استارلینک،بازداشت و زیر شکنجه کشته شد!🖤💔 https://t.co/9geDm99Mfs
2050208302886199635	Fri May 01 13:38:45 +0000 2026	«دشمن پَست» تویی که جوانان ایران را به جرم «پرتاب سنگ و اتصال به استارلینک» به قتل رساندی. دادگاه خیابانی‌ و زوزه کشیدن تو همراه با صلواتی و مقیسه زیر دست و پای مردم، را به انتظار نشسته ایم. پایانی شبیه به امجد یوسف‌ و قذافی! @ejei_org https://t.co/ZE9GE27YnX
2050206141200650282	Fri May 01 13:30:09 +0000 2026	#حسام_علاءالدین ۴۰ ساله از مالکان پاساژ علاءالدین و پدر دو کودک، بخاطر داشتن استارلینک، بازداشت و زیر شکنجه کشته شد.
2050205816301453764	Fri May 01 13:28:52 +0000 2026	حسام علاالدین جاویدنام نیستن، توی اعتراضات نبوده. و فقط به دلیل داشتن استارلینک بازداشت و کشته شده.
2050205667298799924	Fri May 01 13:28:16 +0000 2026	دیروز رئیس وایتم ازم پرسید اتفاقا که استارلینک نمیتونی بگیری واسه خانواده؟؟ چرا داداش ، امازون سفارش دادم تو راهه
2050205586675892585	Fri May 01 13:27:57 +0000 2026	⚡️ جدید  ⚫ گزارش ایران اینترنشنال:  حسام علاءالدینِ ۴۰ ساله از مالکان پاساژ علاءالدین و پدر دو کودک، بخاطر داشتن استارلینک، بازداشت و زیر شکنجه کشته شد.
2050203071783833951	Fri May 01 13:17:57 +0000 2026	مرگ مشکوک #حسام_علاءالدین بـر اثـر #شکنجــه در #بـازداشتگاه؛ پس از اتهام استفاده از #استارلینک  حسام علاءالدین، شهروندی حدوداً ۴۰ ساله و پدر دو دختر دوقلو، پس از بازداشت توسط نیروهای امنیتی جان خود را از دست داده است. #مرگ_بر_جمهوری_اسلامی https://t.co/4pGheOmnLK
2050202326854521343	Fri May 01 13:15:00 +0000 2026	مرگ مشکوک حسام علاءالدین بـر اثـر شکنجــه در بـازداشتگاه؛ پس از اتهام استفاده از استارلینک حسام علاءالدین، شهروندی حدوداً ۴۰ ساله و پدر دو دختر دوقلو، پس از بازداشت توسط نیروهای امنیتی جان خود را از دست داده است. او به‌همراه برادرش و با اتهام «استفاده از اینترنت جهانی» بازداشت شده بود؛ اتهامی که به استفاده از استارلینک نسبت داده شده و ابهامات زیادی درباره مبنای آن وجود دارد. گزارش‌های منتشر شده حاکی از آن است که این شهروند پیش از بازداشت، زندگی عادی داشته و مرگ او در بازداشت، نگرانی‌هایی جدی درباره وضعیت سایر بازداشت‌شدگان ایجاد کرده است. با گذشت زمان از این رویداد، تاکنون هیچ مقام رسمی درباره علت بازداشت یا چگونگی مرگ او توضیحی ارائه نکرده است. این در حالی است که در ماه‌های اخیر، موارد متعددی از مرگ‌های مشکوک در بازداشتگاه‌ها مطرح شده و نگرانی‌ها درباره امنیت و وضعیت زندانیان افزایش یافته است. #ایران_آزادی  #ایران  جمعه ۱۱ اردیبهشت ۱۴۰۵
2050200791168737338	Fri May 01 13:08:54 +0000 2026	#حسام_علاءالدین از بستگان مالک #پاساژ_علاءالدین،به‌دلیل داشتن اینترنت استارلینک درخانه‌اش بازداشت شد.بنا بر گزارش‌های منتشرشده، مزدوران خامنه‌ای او را زنده از منزلش بردندو چند روز بعد،با خانواده‌اش تماس گرفتندتا برای تحویل گرفتن پیکرش مراجعه کنند #مرگ_بر_ستمگر_چه_شاه_باشه_چه_رهبر https://t.co/7lFRcNIYZE
2050195609882075271	Fri May 01 12:48:18 +0000 2026	مرگ مشکوک حسام علاءالدین بـر اثـر شکنجــه در بـازداشتگاه؛ پس از اتهام استفاده از استارلینک  #حسام_علاءالدین، شهروندی حدوداً ۴۰ ساله و پدر دو دختر دوقلو، پس از #بازداشت توسط نیروهای امنیتی جان خود را از دست داده است.  او به‌همراه برادرش و با اتهام «استفاده از #اینترنت جهانی» بازداشت شده بود؛ اتهامی که به استفاده از #استارلینک نسبت داده شده و ابهامات زیادی درباره مبنای آن وجود دارد.  گزارش‌های منتشر شده حاکی از آن است که این شهروند پیش از بازداشت، زندگی عادی داشته و مرگ او در بازداشت، نگرانی‌هایی جدی درباره وضعیت سایر #بازداشت‌شدگان ایجاد کرده است.  با گذشت زمان از این رویداد، تاکنون هیچ مقام رسمی درباره علت بازداشت یا چگونگی مرگ او توضیحی ارائه نکرده است.  این در حالی است که در ماه‌های اخیر، موارد متعددی از مرگ‌های مشکوک در بازداشتگاه‌ها مطرح شده و نگرانی‌ها درباره امنیت و وضعیت زندانیان افزایش یافته است. #حقوق_بشر
2050194847831621999	Fri May 01 12:45:17 +0000 2026	پیکر بی‌جان حسام علاءالدین (سمت چپ) در پی بازداشت و ضرب‌وجرح به اتهام «استفاده از استارلینک»، پس از مدتی به خانواده‌اش تحویل داده شد.  این شهروند ۴٠ ساله، خویشاوند احمد علاءالدین از مالکان پاساژ مشهور علاءالدین تهران بود. https://t.co/N8HwkSEvcN
2050192487893868914	Fri May 01 12:35:54 +0000 2026	بر اساس گزارش‌ها، حسام علاءالدین، ۴۰ ساله و از مالکان پاساژ علاالدین، که به‌دلیل داشتن اینترنت ماهواره‌ای استارلینک توسط مأموران جمهوری اسلامی بازداشت شده بود، جان خود را از دست داده و پیکر بی‌جانش را به خانواده‌اش تحویل دادند.او پدر دو دختر خردسال دوقلو بود.. https://t.co/j8dytpVkPs
2050191804117430510	Fri May 01 12:33:11 +0000 2026	حسام علاءالدین؛ پدری که به‌خاطر استارلینک بازداشت شد و پیکر بی‌جانش بازگشت  گزارش‌های منتشرشده در شبکه‌های اجتماعی از جان‌باختن حسام علاءالدین، شهروند ۴۰ ساله و پدر دو دختر، پس از بازداشت خبر می‌دهند؛ بازداشتی که گفته می‌شود به اتهام «داشتن اینترنت ماهواره‌ای استارلینک» انجام شده بود. این شهروند ۴٠ ساله، خویشاوند احمد علاءالدین از مالکان پاساژ مشهور علاءالدین تهران بود.  بر اساس این گزارش‌ها، خانواده او پس از ده‌ها روز بی‌خبری، نه با خبر آزادی یا بازگشت او، بلکه با خبر تحویل پیکر بی‌جانش روبه‌رو شدند. همچنین گفته می‌شود او در دوران بازداشت بر اثر شکنجه جان باخته است؛ روایتی تلخ که بار دیگر سایه سنگین بازداشت‌های امنیتی، بی‌خبری خانواده‌ها و نبود پاسخگویی را برجسته می‌کند.  در کشوری که اینترنت آزاد برای میلیون‌ها شهروند به آرزویی پرهزینه و پرخطر تبدیل شده، برخورد با ابزارهایی مانند استارلینک فقط یک اقدام امنیتی نیست؛ بخشی از سیاستی گسترده‌تر برای کنترل ارتباط مردم با جهان است.
2050191558083829884	Fri May 01 12:32:12 +0000 2026	♦️حسام علاءالدین، شهروند ۴۰ ساله که گفته می‌شود «به‌دلیل داشتن اینترنت ماهواره‌ای استارلینک» بازداشت شده بود،  جان باخت.  بنا بر گزارش‌ها او که پدر دو دختر بود،‌ در اثر شکنجه در بازداشت جان باخته است و پیکر بی‌جانش را به خانواده‌اش تحویل دادند.  همزمان با قطع اینترنت و سانسور گسترده در ایران، جمهوری اسلامی ایرانیانی که از وسایل ارتباطی چون استارلینک و یا شبکه‌های اجتماعی استفاده کنند را دستگیر و مجازات می‌کند.  ننگ بر جمهوری اسلامی ظالم و آدم‌کش   #حسام_علاءالدین  ‌
2050188562323181950	Fri May 01 12:20:18 +0000 2026	🚨پیکر بی‌جان #حسام_علاءالدین  (سمت چپ) در پی بازداشت و ضرب‌وجرح به اتهام «استفاده از استارلینک»، پس از مدتی به خانواده‌اش تحویل داده شد.  این شهروند ۴٠ ساله، خویشاوند احمد علاءالدین از مالکان پاساژ مشهور علاءالدین تهران بود.
2050180932657914350	Fri May 01 11:49:59 +0000 2026	@ImanOracle بسیاری از مردم در ایران فقط به‌خاطر داشتن اینترنت استارلینک بازداشت شده‌اند. آن‌ها تحت شدیدترین شکنجه‌ها قرار می‌گیرند تا به اتهام‌های دروغین مثل «جاسوسی» اعتراف اجباری کنند. دسترسی به اینترنت آزاد جرم نیست؛ سکوت در برابر این جنایت، همدستی است.#KingRezaPahlavi‌ForIran
2050180832338620841	Fri May 01 11:49:35 +0000 2026	@flamingo_irani2 بسیاری از مردم در ایران فقط به‌خاطر داشتن اینترنت استارلینک بازداشت شده‌اند. آن‌ها تحت شدیدترین شکنجه‌ها قرار می‌گیرند تا به اتهام‌های دروغین مثل «جاسوسی» اعتراف اجباری کنند. دسترسی به اینترنت آزاد جرم نیست؛ سکوت در برابر این جنایت، همدستی است.
2050180083961438396	Fri May 01 11:46:37 +0000 2026	@avatoday_news بسیاری از مردم در ایران فقط به‌خاطر داشتن اینترنت استارلینک بازداشت شده‌اند. آن‌ها تحت شدیدترین شکنجه‌ها قرار می‌گیرند تا به اتهام‌های دروغین مثل «جاسوسی» اعتراف اجباری کنند. دسترسی به اینترنت آزاد جرم نیست؛ سکوت در برابر این جنایت، همدستی است.#KingRezaPahlavi‌ForIran
2050179601616216360	Fri May 01 11:44:42 +0000 2026	#حسام_علاءالدین ؛ بازداشت زنده، تحویل پیکر پس از چند روز حسام علاءالدین، از بستگان مالک پاساژ علاءالدین، به‌دلیل داشتن اینترنت استارلینک در خانه‌اش بازداشت شد. بنا بر گزارش‌های منتشرشده، مزدوران خامنه‌ای او را زنده از منزلش بردند و چند روز بعد، با خانواده‌اش تماس گرفتند تا برای تحویل گرفتن پیکرش مراجعه کنند. این روایت، بار دیگر چهره جنایتکار حکومتی را نشان می‌دهد که حتی داشتن راه ارتباطی آزاد با جهان را با بازداشت، شکنجه و مرگ پاسخ می‌دهد.
2050170933206216838	Fri May 01 11:10:15 +0000 2026	کاربران شبکه‌های اجتماعی از جان باختن حسام علاءالدین، شهروند ۴۰ ساله که گفته می‌شود «به‌دلیل داشتن اینترنت ماهواره‌ای استارلینک» بازداشت شده بود، خبر می‌دهند.  بنا بر گزارش‌ها او که پدر دو دختر بود،‌ در اثر شکنجه در بازداشت جان باخته است و پیکر بی‌جانش را به خانواده‌اش تحویل دادند.  #KingRezaPahlavi‌ForIran  #مرگ_بر_جمهوری_اسلامی_ومزدوران_حرامزاده‌اش  #انقلاب_شیروخورشید
2050168702260101247	Fri May 01 11:01:23 +0000 2026	حسام علاءالدین، از بستگان مالک پاساژ علاءالدین، به‌دلیل داشتن اینترنت استارلینک در خانه‌اش بازداشت شد. بنا بر گزارش‌های منتشرشده، مزدوران خامنه‌ای او را زنده از منزلش بردند و چند روز بعد، با خانواده‌اش تماس گرفتند تا برای تحویل گرفتن پیکرش مراجعه کنند.
2050168045012746330	Fri May 01 10:58:46 +0000 2026	سزای ارتباط با دنیای آزاد،  مرگ است.!  🖤حسام علاءالدین؛  زنده بازداشت ، تحویل پیکر پس از چند روز!   حسام علاءالدین، از بستگان مالک پاساژ علاءالدین، به‌دلیل داشتن اینترنت استارلینک در خانه‌اش بازداشت شد.  مزدوران خامنه‌ای او را زنده از منزلش بردند و چند روز بعد، با خانواده‌اش تماس گرفتند تا برای تحویل گرفتن پیکرش مراجعه کنند.
2050162083979772293	Fri May 01 10:35:05 +0000 2026	حسام علاءالدین؛ پدری که به‌خاطر استارلینک بازداشت شد و پیکر بی‌جانش بازگشت  گزارش‌های منتشرشده در شبکه‌های اجتماعی از جان‌باختن #حسام_علاءالدین، شهروند ۴۰ ساله و پدر دو دختر، پس از بازداشت خبر می‌دهند؛ بازداشتی که گفته می‌شود به اتهام «داشتن اینترنت ماهواره‌ای استارلینک» انجام شده بود. این شهروند ۴٠ ساله، خویشاوند احمد علاءالدین از مالکان پاساژ مشهور علاءالدین #تهران بود.  بر اساس این گزارش‌ها، خانواده او پس از ده‌ها روز بی‌خبری، نه با خبر آزادی یا بازگشت او، بلکه با خبر تحویل پیکر بی‌جانش روبه‌رو شدند. گفته می‌شود او در دوران بازداشت بر اثر شکنجه جان باخته است؛ روایتی تلخ که بار دیگر سایه سنگین بازداشت‌های امنیتی، بی‌خبری خانواده‌ها و نبود پاسخگویی را برجسته می‌کند.  در کشوری که اینترنت آزاد برای میلیون‌ها شهروند به آرزویی پرهزینه و پرخطر تبدیل شده، برخورد با ابزارهایی مانند استارلینک فقط یک اقدام امنیتی نیست؛ بخشی از سیاستی گسترده‌تر برای کنترل ارتباط مردم با جهان است.
2050154061085741372	Fri May 01 10:03:12 +0000 2026	@Hemadnazari میخوان براش پروند سازی کنن که بگن استارلینک داشته و جاسوس بوده، در صورتی که علت بازداشتش و کشته شدنش اصلا ربطی به استارلینک نداشته.
2050152633722114077	Fri May 01 09:57:32 +0000 2026	تا تازیان می‌تازند پارسیان می‌بازند...   ایشون یکی از سهامداران بازار علاالدین بودند فقط ۴۰ سال داشتند و پدر دو دختر دوقلو ....... بخاطر  داشتن استارلینک  بازداشت وبعد هم خبر مرگ ایشان را به خانواده دادند 💔😓 https://t.co/SSuJnw6x5Q
2050152502104928540	Fri May 01 09:57:01 +0000 2026	@indypersian @ElendaTimaj خبر درست اینه که بنویسید  بخاطر استارلینک بازداشت و در اثر شکنجه کشته شد. (نه اینکه جان باخته) #اين_آخرين_نبرده_پهلوى_برميگرده
2050143093005983847	Fri May 01 09:19:37 +0000 2026	@Hemadnazari تو همین اینترنشنال نوشته  اول برای پیگیری اوضاع برادرش که تیر خورده به بیمارستان رفته ولی وسایلشو ضبط کردن بعدا که برای گرفتن وسایل رفته بازداشت شده و بعداز بازداشت که برای ضبط باقی وسایلش به خونش بردنش همونجا کتکش زدن که کشته شده و با خودشون بردنش، هیچی در مورد استارلینک نگفتن
2050135659826885109	Fri May 01 08:50:05 +0000 2026	جاوید نام؛ حسام علاءالدین…. پدر ۲ دختر دوقلو…. فقط و فقط به خاطر استفاده از اینترنت استارلینک، بازداشت، شکنجه و کشته شد….. به خاطر استفاده از اینترنننننت…..😭😭😭 #KingRezaPahlavi‌  #IranMassacre‌ https://t.co/Eyl2AlteAm
2050135147173872002	Fri May 01 08:48:03 +0000 2026	@Napoleon_1995 یا برای داشتن استارلینک بعد از بازداشت میکشتند💔
2050132601352925434	Fri May 01 08:37:56 +0000 2026	اتهام استفاده از اینترنت ماهواره‌ای استارلینک بازداشت شد. طبق گزارش‌ها، اون ابتدا برای پیگیری وضعیت برادرش به بیمارستان رفته بود اما پس از توقیف وسایلش، یک هفته بعد بازداشت و به خانه‌اش منتقل شد. گفته می‌شه در آنجا به‌شدت مورد ضرب‌وشتم و شکنجه قرار گرفت و جان باخت.
2050132592393867362	Fri May 01 08:37:54 +0000 2026	حسام علاءالدین، از بستگان مالک پاساژ علاءالدین، به جرم داشتن استارلینک، با ضرب و شتم ماموران جمهوری اسلامی کشته شد!  طبق گزارش‌ها اون که پدر دو دختر بود،‌ در اثر شکنجه در بازداشت جان باخته و پیکر بی‌جانش رو به خانواده‌اش تحویل دادن.  حسام علاءالدین، شهروند ۴۰ ساله تهرانی، به https://t.co/FUD7Zagjul
2050130345589100764	Fri May 01 08:28:58 +0000 2026	فکر می‌کردید به شما نمیرسه، آقای علاٰالدین؟! متاسفانه رسید… حالا چی کار میکنی؟ واکنشت چیه به کشته شدن اعضای خانواده ت به جرم داشتن استارلینک؟ #حسام_علاءالدین
2050125419202887840	Fri May 01 08:09:24 +0000 2026	@bobybodybuild شرم‌آور است که برای یک مودم استارلینک، دو دختر خردسال را یتیم و یک خانواده را داغدار کردن این خودِ جنایت است تسلیت به خانواده علاءالدین و دختران خردسالش. روحش شاد و یادش گرامی #KingRezaPahlavi‌ForIran #KingRezaPahlavi‌
2050117459823227278	Fri May 01 07:37:46 +0000 2026	حسام جوان ۴۰ ساله و پدر دو دختر به اتهام داشتن اینترنت ماهواره‌ای استارلینک پس از بازداشت خشونت‌آمیز و انتقال برای بازجویی و تفتیش، در خانه‌اش کشته شده وکشته شدنش رو یک ماه پنهان کردن از خانواده!  عدم اقدام عملی از سوی اروپا، کاسبان نفت در مقابل جنایات ثبت میشه!  #حسام_علاءالدین
2050116977172094988		
2050115862447735102	Fri May 01 07:31:25 +0000 2026	فوری: مرگ مرد ایرانی در بازداشت به دلیل داشتن اینترنت استارلینک  گزارش‌های ایران اینترنشنال و رسانه‌های مستقل فارسی‌زبان حاکی از آن است که حسام علاءالدین، پدر دو دختر و از بستگان صاحب پاساژ علاءالدین تهران، پس از بازداشت به اتهام داشتن اینترنت ماهواره‌ای استارلینک، در حبس جان باخت. بر اساس پیام‌های دریافتی توسط ایران اینترنشنال، او توسط مأموران حکومتی به شدت مورد ضرب‌وشتم قرار گرفته و پیکرش به خانواده‌اش تحویل داده شده است.
2050115238888980753	Fri May 01 07:28:56 +0000 2026	کاربران شبکه‌های اجتماعی از جان باختن حسام علاءالدین، شهروند ۴۰ ساله که گفته می‌شود«به‌دلیل داشتن اینترنت ماهواره‌ای استارلینک»بازداشت شده بود، خبر می‌دهند.  بنا بر گزارش‌ها او که پدر دو دختر بود،‌ در اثر شکنجه در بازداشت جان باخته است و پیکر بی‌جانش را به خانواده‌اش تحویل دادند https://t.co/LuFNw9aL4r
2050112484565000347	Fri May 01 07:18:00 +0000 2026	حسام علاءالدین پس از بازداشت به‌دلیل استفاده از استارلینک در بازداشت جان باخت  https://t.co/VCU8PEYwJe https://t.co/MV2LLhoSH2
2050110511820267673	Fri May 01 07:10:09 +0000 2026	پیکر بی‌جان حسام علاءالدین (سمت چپ) در پی بازداشت و ضرب‌وجرح به اتهام «استفاده از استارلینک»، پس از مدتی به خانواده‌اش تحویل داده شد.  این شهروند ۴٠ ساله، خویشاوند احمد علاءالدین از مالکان پاساژ مشهور علاءالدین تهران بود. https://t.co/U39AscNbPR
2050088043118211341	Fri May 01 05:40:52 +0000 2026	کاربران شبکه‌های اجتماعی از جان باختن حسام علاءالدین، شهروند ۴۰ ساله که گفته می‌شود «به‌دلیل داشتن اینترنت ماهواره‌ای استارلینک» بازداشت شده بود، خبر می‌دهند. بنا بر گزارش‌ها او که پدر دو دختر بود،‌ در اثر شکنجه در بازداشت جان باخته است و پیکر بی‌جانش را به خانواده‌اش تحویل دادند.  همزمان با قطع اینترنت و سانسور گسترده در ایران، جمهوری اسلامی ایرانیانی که از وسایل ارتباطی چون استارلینک و یا شبکه‌های اجتماعی استفاده کنند را دستگیر و مجازات می‌کند.
2050075290827661389	Fri May 01 04:50:12 +0000 2026	بر اساس گزارش‌ها، حسام علاءالدین، ۴۰ ساله و از مالکان پاساژ علاالدین، که به‌دلیل داشتن اینترنت ماهواره‌ای استارلینک توسط مأموران جمهوری اسلامی بازداشت شده بود، جان خود را از دست داده و پیکر بی‌جانش را به خانواده‌اش تحویل دادند.او پدر دو دختر خردسال دوقلو بود.. https://t.co/bXNtFZt3ii
2049426300796801246	Wed Apr 29 09:51:21 +0000 2026	برای شکستن سد فیلترینگ، باید به سمت خرید انبوه استارلینک رفت. هر تجهیزات = ۵ خانواده. امنیت بالا و عدم امکان کنترل توسط حکومت، مزیت اصلی اینترنت ماهواره‌ای است. هزینه‌ها را تقسیم کنید و به شبکه جهانی وصل شوید. #مهسا_امینی #استارلینک #حق_اینترنت
2049413026072162365	Wed Apr 29 08:58:36 +0000 2026	یه بارم وسطای جنگ یه پسرخاله دیگه‌م رفته بود یه جایی با استارلینک و سریع منو گرفته بود. گفت همه تهرانیم خوبیم. خواستم بهت بگم نگران نباش. بازم بدون حرف خاصی از خانواده خودم. چندشب بعدش خونه همون خاله‌م خراب شد.
2049286011210141706	Wed Apr 29 00:33:53 +0000 2026	@ktbrormtbr @Amammadhosein چطوریه که برای این کار دولت نیازه ولی برای وکیل ملت بودن پشتوانه شعار توی خیابون کافیه؟ چون نمی‌خواهید بگید نمی‌تونن بهانه‌هایی نیارید که صدتا مشکل دیگه درست کنه. اگه کسی بخواد کاری رو بکنه می‌کنه. اتفاقن بلوچها خیلی استارلینک فرستادن ولی احتمالن شما خبر نداری.
2049211166732206144	Tue Apr 28 19:36:29 +0000 2026	ایران افرادی را که متهم به جاسوسی با استفاده از دستگاه‌های استارلینک هستند، بازداشت کرد. https://t.co/ULcgM9xP1U
2049140041373425847	Tue Apr 28 14:53:51 +0000 2026	خبرگزاری‌های داخلی ایران گزارش داده‌اند که پلیس شماری از افراد را بازداشت کرده است که به ارسال اطلاعات و تصاویر «حساس» برای نهادهای اطلاعاتی خارجی از طریق تجهیزات استارلینک متهم هستند.  https://t.co/v50vBk9iRT
2049106248428130321	Tue Apr 28 12:39:34 +0000 2026	ادعای فراجا: کشف یک «مرکز جاسوسی» در تهران؛ بازداشت ۹ نفر در کرمان به اتهام جاسوسی  -خبرگزاری تسنیم روز سه‌شنبه ۸ اردیبهشت ۱۴۰۵ گزارش داد، متهمین با طرح و برنامه‌ریزی دقیق اقدام به اجاره واحد مسکونی کرده و در آن تجهیزات پیشرفته ارتباطی از جمله اینترنت ماهواره‌ای استارلینک را نصب و استفاده می‌کردند.  -ادعا شده از آن محل اقدام به ارسال اطلاعات و اخبار به سرویس‌های جاسوسی و شبکه‌های تلویزیونی خارج از کشور شده است.  -در جریان جنگ ۴۰ روزه بخش عمده زیرساخت‌های نیروی انتظامی شامل ستادها و کلانتری‌ها منهدم شد. احمدرضا رادان فرمانده انتظامی جمهوری اسلامی در یک برنامه تلویزیونی تأیید کرد پرسنل انتظامی، بدون مقر مجبورند شب‌ها در خیابان یا ماشین» بخوابند.  https://t.co/ESErUdLbHw
2049101903527621076	Tue Apr 28 12:22:18 +0000 2026	گزارش بازداشت افراد در ارتباط با استفاده از تجهیزات استارلینک در تهران https://t.co/gXHPLOgLc1
2049076456773624023	Tue Apr 28 10:41:11 +0000 2026	کشف یک مرکز جاسوسی مجهز به استارلینک در یوسف‌آباد تهران مأموران پلیس اطلاعات فاتب: یک واحد مسکونی در یوسف آباد تهران که به عنوان پایگاه فعالیت‌های جاسوسی مورد استفاده قرار گرفته بود، کشف شد. متهمین با طرح و برنامه‌ریزی دقیق اقدام به اجاره واحد مسکونی کرده و
2049062512948101188	Tue Apr 28 09:45:47 +0000 2026	⚡️نیروی انتظامی جمهوری اسلامی مدعی شد یک واحد مسکونی مجهز به استارلینک را در تهران کشف کرده است. ادعا شده این محل برای آنچه پلیس از آن به عنوان «فعالیت جاسوسی» یاد کرده، استفاده شده است. همچنین ادعا شده که سه واحد صنفی نیز بدلیل استفاده غیرمجاز از استارلینک پلمب شده‌اند. https://t.co/J7lKwcLMAw
2049060059401896397	Tue Apr 28 09:36:02 +0000 2026	رسانه‌های ایران از بازداشت چند نفر و کشف تجهیزات ارتباط ماهواره‌ای استارلینک در محله یوسف‌آباد تهران خبر دادند.  بر اساس گزارش پلیس اطلاعات فرماندهی انتظامی تهران، افراد بازداشت‌شده در یک واحد مسکونی با استفاده از تجهیزات پیشرفته ارتباطی، اقدام به ارسال اطلاعات به خارج از این کشور می‌کردند.
2049038815109497068	Tue Apr 28 08:11:37 +0000 2026	مرکز اطلاع‌رسانی فرماندهی انتظامی تهران اعلام کرد با «اقدامات اطلاعاتی گسترده»، یک واحد مسکونی «مجهز به استارلینک» در منطقه یوسف‌آباد تهران شناسایی شده است. این مرکز اعلام کرد این واحد مسکونی، به‌عنوان «پایگاه فعالیت‌های جاسوسی» مورد استفاده قرار گرفته است
2048868459652477243	Mon Apr 27 20:54:41 +0000 2026	الان استارلینک با خانواده داماد میشه یا عروس؟
2048702283400053018	Mon Apr 27 09:54:22 +0000 2026	همه‌ی این کانفیگایی که فک میکنید از استارلینکه، تو اسلام اباد با خط سفید پر و پلمب میشه
2048500442309542085	Sun Apr 26 20:32:19 +0000 2026	استارلینک با خانواده دوماده یا عروس؟
2048387983976370477	Sun Apr 26 13:05:27 +0000 2026	۳ واحد صنفی در تهران به دلیل استفاده از استارلینک پلمب شدند!  به گزارش رسانه‌های داخلی در ایران، مرکز اطلاع‌رسانی فرماندهی انتظامی اعلام کرده است که از طریق گزارش‌های مردمی برخی واحدها در یک مرکز تجاری در تهران را که از اینترنت ماهواره‌ای استارلینک استفاده می‌کردند، شناسایی و پلمب کرده است. در متن این خبر چنین آمده:  «ماموران اداره اماکن سازمان اطلاعات پلیس پایتخت به یکی از مجتمع‌های تجاری در شمال غرب تهران مراجعه کردند. در بررسی‌های انجام شده، سه واحد صنفی که از تجهیزات ماهواره‌ای غیرمجاز استفاده می‌کردند، شناسایی شدند. مقام‌های انتظامی مدعی شده‌اند که برخی از متصدیان این واحدها فراتر از کاربردهای عنوان‌شده مانند فعالیت در بازارهای مالی، با آنچه «شبکه‌های معاند و ضدانقلاب» خوانده شده، در ارتباط بوده‌اند. همچنین ادعا شده یکی از این افراد در چندین نوبت اقدام به ارسال ویدئوهایی از وقایع موسوم به «جنگ رمضان»، از جمله تصاویر مربوط به محل‌های مورد اصابت، کرده است.»   پلمب کردن سه مغازه فقط به‌خاطر استفاده از استارلینک، یک خبر ساده نیست؛ یک پیام روشن دارد: اینترنت برای همه نیست.  در حالی که مردم با اینترنت کند، قطع و محدود زندگی می‌کنند و خیلی از کسب‌وکارها کاملا تعطیل شده‌اند، حالا کسانی که دنبال یک راه جایگزین برای وصل شدن به اینترنت جهانی هستند، با پلمب و برخورد مواجه می‌شوند.   از طرفی، همان حرف‌های تکراری هم دوباره مطرح می‌شود: «ارتباط با شبکه‌های معاند». بدون سند، بدون جزئیات روشن. این برچسب‌ها سال‌هاست برای مردم عادی استفاده می‌شود تا هر نوع دسترسی آزاد به اینترنت و اطلاعات را به یک تهدید تبدیل کنند!
2048293184006914129	Sun Apr 26 06:48:45 +0000 2026	پلمب ۳ واحد صنفی در شمال غربی تهران به دلیل استفاده از استارلینک https://t.co/Nvme9U9tLb
2048290183162818845	Sun Apr 26 06:36:49 +0000 2026	مرکز اطلاع‌رسانی فرماندهی انتظامی تهران بزرگ از پلمب سه واحد صنفی در یکی از مجتمع‌های تجاری شمال‌غرب تهران به‌دلیل استفاده از استارلینک خبر داد و اعلام کرد فعالیت آن‌ها متوقف شده است
2048177753367761407	Sat Apr 25 23:10:04 +0000 2026	@m_mhmdhosein استارلینک که با تلوزیونه، تلوزیون و میز تلوزیونم که با خانواده دوماده!
2047802631616369027	Fri Apr 24 22:19:28 +0000 2026	آمریکا پول و‌ اسلحه، استارلینک،…میده مزدوری کنی، حال مزدور [اینجا میلیشیای کرد] از لات گنده دزدید و اینطور شد: وزارت دادگستری آمریکا یک دادخواست مصادره ارائه کرده تا یک عمارت اعیانی (Mansion) متعلق به خانواده سرتا پا فاسد بارزانی –منصور بارزانی برادر مسرور نخست‌وزیر اقلیم کردستان عراق– را در بورلی هیلز لس‌آنجلس که از پول رشوه یک قرارداد تحویل سوخت خریداری شده را توقیف کند. https://t.co/7CnZ7ONXtq
2047738297733234888	Fri Apr 24 18:03:49 +0000 2026	@elsaaa7777 استآرلینک میفرستم ایران یک بچه از خانواده مون ایران مونده، واسه پدر و مادرش وکیل میگیرم ببینم میشه یکجوری خرجشون کرد؟ پاسپورت میخرم واسشون.
2047736210404078053	Fri Apr 24 17:55:32 +0000 2026	اشتراک ماهیانه استرالینک ۱۰۰ دلار باشه مبشه ۱۵،۵۰۰ سه خانواده باشی ماهی ۵ بزارید برای خودتون استارلینک بخرید نت با سرعت فوق العاده و بدون هیچ گونه فیلترینگ استفاده کنید به نفع آدمه تا این که همون سه خانواده (با فرض خانواده ای ۲ نفر) نت پرو بخرن میشه ۱۲ میلیون سیرک باز کردین؟
2047329973581557949	Thu Apr 23 15:01:17 +0000 2026	یک شهروند در تهران به اتهام «جاسوسی» و استفاده از استارلینک بازداشت شده است  #ایران #بازداشت #جاسوسی #حقوق_بشر #BreakingN  https://t.co/rINVTqzhbq
2047136093670404203	Thu Apr 23 02:10:53 +0000 2026	این روزها در ایران انگ‌های امنیتی، بازخواست‌ها، پرونده‌سازی، تهدید به بازداشت و حتی بازداشت به سطح حساس‌تری رسیده. کاربران ایرانی با نام مشخص یا حداقل قابل شناسایی، به صرف دسترسی به اینترنت خارج از کانال سیم‌کارت‌های سفید و پرو، به جرم خرید و استفاده از کانفیگ یا استارلینک مجرم‌انگاری می‌شن. حداقل در مورد چهره‌هایی که به دلیل فعالیت رسانه‌ای، مدنی و سیاسی سابق یا فعلی در لیست رصدهای اطلاعاتی هستن، چنین مواردی گزارش شده. ارتباط با فعالان رسانه‌ای و سیاسی خارج از ایران به هر شکل، از پیام و منشن گرفته تا حتی مواردی صرفا فالو داشتن یا ثبت شماره در تلفن همراه، با تهدید و برچسب جاسوسی مواجه شده. حتی موضوعی مثل این که توییت یا پست و استوری فرد توسط رسانه‌های فارسی‌زبان خارج از ایران بازنشر شده یا موضوع گزارشی قرار گرفته با عنوان «تهیه خوراک خبری برای رسانه‌های معاند» مورد سوال قرار گرفته. این فارغ از همه گیرهای معمول به محتوای منتشر شده توسط افراده. این رویکرد می‌تونه به گروکشی از ایرانیان خارج از کشور هم منجر بشه و بهانه‌ای برای اقدامات غیرقانونی طرح شده اخیر مثل سلب تابعیت یا مصادره اموال هم فراهم کنه. در این شرایط شاید بهتر باشه که اولا مواضع افراد حاضر در ایران رو با دونستن این محدودیت‌ها بسنجیم. دوما، با وجود درک میل به دریافت حقیقت و روایت از درون ایران، به ویژه در رسانه‌ای‌ها و فعالان سیاسی، این موضوع رو در ارتباطات با درون ایران یا استفاده از محتوای اون‌ها در شبکه‌های اجتماعی نظر بگیریم. سعی کنیم مردم ایران «سوژه» ما نباشن، مردم ما باشن. شاید برخی دلشون حماسه‌سرایی با بازداشت و خون آدم‌ها رو بخواد اما امنیت و سلامت برای هر فرد مهم‌ترین اولویته؛ ولو خودشون آماده دادن هر هزینه‌ای هم باشن.  این توییت حاصل گفت‌وگو با چند نفر از فعالانیه که در ایران دچار چالش شدن و برآیند اون حرف‌هاست با حذف همه مواردی که به شناسایی افراد و ایجاد چالش بزرگتر منجر بشه.
2047071027365105767	Wed Apr 22 21:52:20 +0000 2026	یک شهروند در تهران به اتهام جاسوسی بازداشت شد   روز گذشته یک شهروند در تهران به دلیل آنچه «استفاده از استارلینک برای ارتباط با شبکه‌های جاسوسی» عنوان شده است، بازداشت شد. به گزارش های رسیده به نقل از ایسنا، یک شهروند در تهران بازداشت شد.  مرکز اطلاع‌رسانی فرماندهی انتظامی تهران بزرگ در این خصوص اعلام کرد که این شهروند با سواستفاده از موقعیت شغلی خود در یک شرکت بازرگانی، اقدام به تهیه استارلینک و استفاده از این دستگاه برای ارتباط با گروه‌ها و رسانه‌های خارج از کشور کرده است.  ادامه مطلب 👇   https://t.co/w93FVFYp7E
2046977488526377315	Wed Apr 22 15:40:38 +0000 2026	@potypto جناب پوتیپتو، شما که مجهز به استارلینک هستید، جایی رو میشناسید فروش مطمین داشته باشه؟ این بی خبری و وضعیت اینترنت از خانواده داغونمون کرده. (دایرکت بسته بود واسه همین اینجا پیغام دادم)
2046971364150480993	Wed Apr 22 15:16:18 +0000 2026	روز گذشته یک شهروند در تهران به دلیل آنچه «استفاده از استارلینک برای ارتباط با شبکه‌های جاسوسی» عنوان شده است، #بازداشت شد.  https://t.co/e3OK1TykF4 https://t.co/fPPDCIs6MB
2046648059191337169	Tue Apr 21 17:51:36 +0000 2026	مرکز اطلاع‌رسانی فرماندهی انتظامی تهران از دستگیری یک شهروند به دلیل استفاده از اینترنت «استارلینک» در محله فرشته تهران خبر داد
2046645961334608369	Tue Apr 21 17:43:16 +0000 2026	برخورد قاطع با استفاده غیرمجاز از استارلینک در تهران؛ فرماندهی انتظامی: فردی در محله فرشته که اقدام به تهیه و در ادامه استفاده از استارلینک برای ارتباط با شبکه‌های جاسوسی دشمن کرده بود دستگیر شد https://t.co/z3nBEnn73Y
2046634319280734618	Tue Apr 21 16:57:01 +0000 2026	جمهوری اسلامی دست‌کم ۳۶۴۶ شهروند را از زمان آغاز جنگ بازداشت کرده است  - از نهم اسفند ۱۴۰۴ و هم‌زمان با آغاز دور جدید حملات نظامی اسرائیل و آمریکا به جمهوری اسلامی ایران تاکنون، دست‌کم ۳۶۴۶ نفر بازداشت شده‌اند.  - ۷۶۷ مورد از بازداشت‌ها پس از آغاز آتش‌بس میان جمهوری اسلامی و آمریکا و از ۱۸ فروردین‌ماه انجام شده است.  - ۱۱۱ تن از شهروندان بازداشت‌شده که هویت آنها توسط سازمان حقوق بشر احراز شده شامل فعال سیاسی، مدنی، صنفی، دانشجویی، اعضای خانواده‌های دادخواه بوده‌اند.  - احمدرضا رادان، فرمانده‌ کل نیروی انتظامی جمهوری اسلامیُ آمار تفکیکی بیش‌از ۲۷۰۰ بازداشت‌شده اخیر را بر اساس انواع اتهامات ارائه کرده و گفته بیش از ۹۰۰ نفر از بازداشت‌شدگان در فضای مجازی اقدام به «تشویش اذهان عمومی یا حمایت از اقدامات مخرب» می‌کردند.  - به گفته احمدرضا رادان بیش از ۴۰۰ نفر از افرادی که «اقدام به جمع‌آوری و انتشار تصاویر از محل اصابت‌ها و انتقال اطلاعات می‌کردند»، بیش از ۷۰۰ نفر از «عناصر سلطنت‌طلب و شبکه‌های مرتبط در فضای مجازی» و بیش‌ از ۲۰۰ نفر «افرادی که از استارلینک و ابزارهای فنی و شبکه‌ای برای اقدامات مخرب استفاده می‌کردند» نیز شناسایی و دستگیر شده‌اند.  - فرمانده کل نیروی انتظامی جمهوری اسلامی همچنین گفته که بیش‌ از ۴۰۰ معترض و دست‌کم ۱۰۰ نفر از «افراد مرتبط با سرویس‌ها و گروه‌های تروریستی» نیز دستگیر شده‌اند.  https://t.co/uU5XnoxRz8
2046621882787430740	Tue Apr 21 16:07:35 +0000 2026	احمدرضا رادان، فرمانده‌کل نیروی انتظامی جمهوری اسلامی، شامگاه ۳۰ فروردین در تلویزیون جمهوری اسلامی آمار تفکیکی بیش از ۲۷۰۰ بازداشت اخیر را اعلام کرد. او از بازداشت یا شناسایی بیش از ۹۰۰ نفر در پرونده‌های مرتبط با فضای مجازی، بیش از ۴۰۰ نفر به اتهام جمع‌آوری و انتشار تصاویر از محل اصابت‌ها، بیش از ۷۰۰ نفر با عنوان «عناصر سلطنت‌طلب و شبکه‌های مرتبط»، بیش از ۲۰۰ نفر در ارتباط با استارلینک و ابزارهای فنی، بیش از ۴۰۰ معترض و دست‌کم ۱۰۰ نفر با اتهام ارتباط با «سرویس‌ها و گروه‌های تروریستی» خبر داد.
2046612536133312884	Tue Apr 21 15:30:27 +0000 2026	سازمان حقوق بشر ایران مستقر در نروژ اعلام کرد که جمهوری اسلامی، بیش از ۳۶۰۰ نفر را به اتهام‌های مرتبط با جنگ آمریکا و اسرائیل بازداشت کرده‌است؛ اتهام‌هایی که از فرستادن ویدیو برای رسانه‌های مستقر در خارج از کشور تا نگهداری پایانه‌های اینترنتی استارلینک را در بر می‌گیرد.  به گفتۀ این سازمان، این رقم که بر پایۀ گزارش‌های رسانه‌های دولتی و هم‌چنین تحقیقات خود این نهاد به دست آمده، با توجه به محدودیت‌های کنونی اینترنت در جمهوری اسلامی، حداقل آمار است و شمار واقعی بازداشت‌ها «احتمالاً بسیار بیشتر» است.  این سازمان گفت که دست‌کم ۳۶۴۶ نفر از زمان آغاز جنگ در ۲۸ فوریه بازداشت شده‌اند و دست‌کم ۷۶۷ مورد از این بازداشت‌ها پس از آغاز آتش‌بس در ۸ آوریل گزارش شده‌است.  #ار_اف_ای لینک: https://t.co/wT9aHnX85Z
2046169871747109245	Mon Apr 20 10:11:28 +0000 2026	@quietgirl731907 به زودی اینترنت‌ هم میشه مثل ماهواره و انقدر زیاد میشه استارلینک که عملا کنترل اینترنت به کل از دست‌شون خارج بشه، تمام این گیروبندها زمان ماهواره هم بود و حتی با هلیکوپتر میرفتن رو پشت‌بوم مردم و دیش‌ها رو جمع می‌کردن ولی حالا حتی خانواده خود سپاهی‌ها تو خونه ماهواره دارن!
2045970825824583821	Sun Apr 19 21:00:31 +0000 2026	استارلینک با خانواده عروسه یا دوماد؟
2045930668564103355	Sun Apr 19 18:20:57 +0000 2026	شما فکر کن طرف دزد بود گرفتنش گفتند به اعدام محکوم شده نه یک بار که سه بار در دادگاه و تجدید نظر و دو بار در دیوان حکم اعدامش تائید شد ،اعدامش نکردند هیچ بعد چند سال هم آزاد شد الان هولدینگ زده و قطار و هواپیما و تریلی و … هم راه انداخته و تو این قطعی نت هم علنا داره VPN میفروشه !  اونوقت میگن هرکی استارلینک داره حکمش اعدامه،خب حرومزاده‌ها برید بگیریدش!
2045875931110101309	Sun Apr 19 14:43:27 +0000 2026	ایران چهار نفر را به اتهام وارد کردن پایانه‌های اینترنت ماهواره‌ای استارلینکِ شرکت اسپیس‌ایکس بازداشت کرد. https://t.co/eKumYWPi9Q
2045854830837559530	Sun Apr 19 13:19:36 +0000 2026	بازداشت واردکنندگان استارلینک در جلفا و بحران اینترنت جهانی https://t.co/hUw9wORtXf
2045834537351933964	Sun Apr 19 11:58:58 +0000 2026	🔸 خبرگزاری تسنیم روز یک‌شنبه به نقل از دادستان عمومی و انقلاب شهرستان جلفا در استان آذربایجان شرقی خبر داد که «دو تبعه خارجی» به اتهام «وارد کردن تجهیزات اینترنت ماهواره‌ای (استارلینک)» بازداشت شده‌اند.  🔸 این مقام قضایی بدون اشاره به ملیت این دو نفر از دستگیری چهار نفر در جلفا خبر داده که به «همکاری اطلاعاتی با شبکه‌های وابسته به آمریکا و رژیم صهیونیستی» [اسرائیل] متهم هستند.  🔸 جدا از دو تبعه خارجی، دو نفر دیگر ایرانی هستند و متهم شده‌اند که به شبکه‌های ماهواره‌ای خارجی از کشور «اطلاعات ارسال می‌کردند».  🔸 در پی آغاز حمله مشترک آمریکا و اسرائیل به ایران در ۹ اسفند پارسال، هر روز در رسانه‌های حکومتی اخباری از بازداشت ده‌ها نفر به عنوان «وطن‌فروش» و «خائن» و «جاسوس» اسرائیل در استان‌های مختلف منتشر می‌شود؛ افرادی که نه هویت‌شان مشخص می‌شود و نه معلوم است که در چه شرایطی به دادگاه می‌روند و حکم می‌گیرند.
2045822891254501842	Sun Apr 19 11:12:41 +0000 2026	@heyitsmewcm @FarzanehAghaei کسی که وسیله نظامی و استارلینک داره باید بهش شلیک بشه یا دستگیر؟؟ شعور هم خوب چیزیه!!!! پس دادگاه ها رو درش رو تخته کنیم اتش به اختیار باشن همه حس کردن کسی خلاف کرد تیر بزنن!!! انقدر بی شعورین شماها؟؟
2045815496587493523	Sun Apr 19 10:43:18 +0000 2026	🚨مقام قضایی رژیم ایران مدعی دستگیری 4 نفر در شهرستان جلفا شد  دادستان عمومی و انقلاب شهرستان جلفا از بازداشت ۴ نفر به اتهام همکاری اطلاعاتی با شبکه‌های وابسته به آمریکا و اسرائیل خبر داد.  به گزارش آرازنیوز، به گفته مقام‌های قضایی، این افراد با رصد اداره اطلاعات شناسایی و شبکه مورد نظر «متلاشی» شده است. یکی از متهمان بومی منطقه بوده و متهم است اطلاعاتی را به شبکه‌های ماهواره‌ای مخالف ارسال می‌کرده است. همچنین فرد دیگری به فعالیت اطلاعاتی در بستر اینترنت بین‌المللی متهم شده است.  در همین حال، دو تبعه خارجی نیز به اتهام وارد کردن تجهیزات اینترنت ماهواره‌ای (استارلینک) و فعالیت در این حوزه بازداشت شده‌اند. در مورد هویت این افراد اطلاعاتی منتشر نشده است.  🌎 آرازنیوز؛ گرچک خبرلرین آدرسی
2045813909345468790	Sun Apr 19 10:37:00 +0000 2026	. حسین امانی، دادستان عمومی و انقلاب شهرستان جلفا روز یکشنبه ۳۰ فروردین از بازداشت دو تبعه خارجی به اتهام «فعالیت‌های اطلاعاتی و ارتباط با شبکه‌های وابسته به آمریکا و اسرائیل از طریق وارد کردن «تجهیزات اینترنت ماهواره‌ای استارلینک» خبر داد. امانی روز یکشنبه در گفتگو با خبرنگاران با اشاره به دستگیری دو تبعه خارجی در این پرونده گفت: «این افراد با وارد کردن چند دستگاه تجهیزات اینترنت ماهواره‌ای استارلینک به کشور، فعالیت‌هایی در زمینه ارتباط با شبکه‌های وابسته به آمریکا و اسرائیل داشتند که شناسایی و بازداشت شدند.» به گفته او در این پرونده دو فرد ایرانی نیز بازداشته شده‌اند که یکی از آنها در زمینه «نصب تجهیزات اینترنت ماهواره‌ای استارلینک» فعالیت داشته و دیگری هم «برای برخی رسانه‌ها تصویر ارسال می‌کرده است.» دادستان جلفا تاکید کرد که برای این چهار نفر پرونده تشکیل شده و روند رسیدگی به آن در دستگاه قضایی در حال انجام است. جزئیاتی از  ملیت و زمان بازداشت این دو تبعه خارجی منتشر نشده است.
2045799128345505987	Sun Apr 19 09:38:15 +0000 2026	دادستان عمومی و انقلاب شهرستان جلفا از بازداشت چهار نفر، از جمله دو تبعه خارجی، به‌دست ماموران وزارت اطلاعات خبر داد و گفت این افراد به اتهام «فعالیت‌های اطلاعاتی و ارتباط با شبکه‌های وابسته به اسرائیل و آمریکا» شناسایی و بازداشت شدند.  او درباره دو تبعه خارجی بازداشت‌شده گفت: «این افراد با وارد کردن چند دستگاه تجهیزات اینترنت ماهواره‌ای استارلینک به کشور، در این زمینه فعالیت داشتند.»  دادستان جلفا افزود برای این چهار نفر پرونده تشکیل شده و روند رسیدگی به آن در دستگاه قضایی در حال انجام است. https://t.co/v36ncXOfQv
2045655139181289600	Sun Apr 19 00:06:06 +0000 2026	۲/۸ ترامپ گفته «تغییر رژیم اتفاق افتاده» و رهبران جدید «منطقی» شده‌اند، اما مقاله نشان می‌دهد همان نظام سرکوبگر هنوز بر سر قدرت است. سرکوب خیابانی ادامه دارد: اعدام‌ها، بازداشت فیلم‌برداران اعتراضات، گسترش ایست‌های بازرسی‌ و حتی استفاده از نرم‌افزار برای پیدا کردن ترمینال‌های استارلینک. مردم هنوز از اعتراض واهمه دارند چون اسلحه فقط در دست طرف مقابل است.
2045647924676149752	Sat Apr 18 23:37:26 +0000 2026	@taghi_namdar @SuspendedFe تشدید میکنه و برای من قابل درکه. مخصوصا اگه لایف استایل و کارت جوری باشه که نیازهای اجتماعیت فقط خانواده باشه و استارلینک. اما به مسائلی که دوست دیگه‌مون اشاره کرد خیلی چیزهای دیگه میشه اضافه کرد. به خصوص اگه مجرد نباشی و بچه داشته باشی. مثلا آموزش، حاکمیت قانون، سلامت غذایی و...
2045457133018251495	Sat Apr 18 10:59:17 +0000 2026	ترند جدیده؟مرد خانواده بخاطر کون گهیش خایه نداره حرف دلش رو بزنه زن خانواده و میفرسته جلو؟نکنه کوروش به عنوان رئیس مافیا برا بقیه زیر دستاش تو ایران استارلینک فرستاده شما ناراحت شدین؟یجور میگه مردم نون شب ندارن انگار نون مردم دست این دوتائه نمیدن به مردم🤣
2045224472211263793	Fri Apr 17 19:34:47 +0000 2026	@Mpmaziyar @Mpmaziyar از پول دزدیدن استارلینک مردم بردارید وکیل بگیرید.
2045147771032809812	Fri Apr 17 14:30:00 +0000 2026	@jiyargol جناب ماله کش گروه های استالینیستی که به دروغ در برنامه ی بی بی سی حرف ترامپ رو به بهای پرونده سازی برای ایرانیان معترض دی ماه تغییر دادی تا برای دزدی سلاح و استارلینک ماله بکشید. برای این هم که لاشخورهای خودی شما این دختر رو از حق درمان منع کردند هم ماله بکشید https://t.co/W5pKg2eElp
2044563732890517864	Wed Apr 15 23:49:14 +0000 2026	نامه سرگشاده به مدیران نهاد NetFreedom Pioneers (NFP)  موضوع: درخواست #شفافیت_مالی و گزارش عملکرد در پیشگاه ملت ایران  #فاند_گیت  آقایان مهدی یحیی‌نژاد @mehdiy_fa و ایوان فیروزی @FirooziEvan؛ ما به عنوان جمعی از کنشگران ملی‌گرا که نظارت بر منابع تخصیص‌یافته به نام «مبارزه ملت ایران» را وظیفه اخلاقی و ملی خود می‌دانیم، بدین‌وسیله پرسش‌های حقوقی و فنی مشخصی را در رابطه با فعالیت‌های مالی نهاد NFP مطرح می‌کنیم.  طبق اسناد رسمی موجود، نهاد شما در بازه زمانی سال ۲۰۲۵ مبلغ ۱۵۰,۰۰۰ دلار از بودجه‌های فدرال ایالات متحده را با هدف «توسعه آزادی اینترنت و استقرار پایانه‌های استارلینک در ایران» دریافت کرده است. با این حال، گزارش‌های منتسب به اسناد داخلی شما در مارس ۲۰۲۶ نشان می‌دهد که تنها ۵۶ ترمینال از ژوئن ۲۰۲۵ مستقر شده است. این تضاد فاحش میان «بودجه دریافتی» و «خروجی عملیاتی»، شائبه هدررفت منابع و نادیده گرفتن اولویت‌های حیاتی مردم ایران در دوران اشغال را به شدت تقویت می‌کند.  لذا بدین‌وسیله از شما درخواست می‌شود حداکثر ظرف مدت ۷۲ ساعت از زمان انتشار این نامه، به موارد زیر پاسخ مستدل و کتبی ارائه دهید: ۱. ارائه بیلان شفاف از نحوه هزینه‌کرد بودجه ۱۵۰ هزار دلاری و اعلام هزینه نهایی تمام‌شده برای استقرار هر یک عدد دیش. ۲. توضیح درباره تناقض آماری میان ادعای وجود ۷۰۰۰ ترمینال در ایران و خروجی دو رقمی نهاد NFP. ۳. شفاف‌سازی در خصوص سهم هزینه‌های «لابی‌گری در واشینگتن» و «حق‌الزحمه مدیران» نسبت به «هزینه‌های عملیاتی داخل ایران».  اعلام جرم و اقدام مقتضی: لازم به ذکر است که این نامه به منزله یک «اخطار شفافیت» تلقی می‌گردد. در صورت عدم پاسخگویی صریح و مستند در پایان ضرب‌الاجل ۷۲ ساعته، ما بر اساس «حق نظارت شهروندی» و با استناد به قوانین نظارتی کشورهای میزبان، پرونده مستندات و تناقض‌های آماری شما را از طریق مجاری قانونی زیر پیگیری خواهیم کرد: ارسال گزارش رسمی به بازرس کل وزارت خارجه آمریکا (State OIG) جهت بررسی سوء‌مدیریت منابع فدرال. گزارش به نهاد GAO FraudNet بابت مغایرت در گزارش عملکرد. درخواست بازنگری در وضعیت معافیت مالیاتی نهاد شما از طریق IRS.  مبارزه برای آزادی ایران، ملک شخصی یا دکان پیمانکاری هیچ گروهی نیست. ما اجازه نخواهیم داد هیچ فرد یا گروهی، رنج ایرانیان را به ابزاری برای برندسازی و ثروت‌اندوزی تبدیل کند.  با احترام، بهزاد آذرنیا و جمعی از دیده‌بانان حقوق ملی ایران
2044428761014112629	Wed Apr 15 14:52:54 +0000 2026	@PedramGholizade چند روز پیش توی رشت یکی رو به خاطر ارائه چنین خدماتی بازداشت کردن. البته مشکل خدماتش نبود، به‌خاطر استارلینک بالای سقف مغازه‌ش بود!
2044380098556522815	Wed Apr 15 11:39:32 +0000 2026	برای اینکه یادم نره چرا دارم میجنگم… همین الانش هم بخاطر داشتن استارلینک در معرض اعدامم اما زنده‌م تا رفتن این نظام نجس جمهوری اسلامی با همه دارو دسته هاش رو ببینم  وکیل آباد مشهد - ۱۹ دی #KingRezaPahlavi‌ForIran https://t.co/LCTUm83IEm
2044158244294406147	Tue Apr 14 20:57:58 +0000 2026	دکترین «تنگه خیابان»؛ مهندسی جنایت علیه بشریت و کشتار سیاسی در سایه جنگ https://t.co/yf2zJMl6ik%در حالی که تنش‌های منطقه‌ای به اوج خود رسیده است، روایت‌های درونی از جمهوری اسلامی نشان می‌دهد که «دشمن اصلی» نه در مرزها، بلکه در خیابان‌های ایران است. علیرضا آل‌داوود، از چهره‌های نزدیک به نهادهای امنیتی، با صراحتی بی‌سابقه اعلام کرد: «مهم‌تر از تنگه هرمز، اینجا تنگه خیابان است؛ تنگه احد، خیابان است.» این اظهارات فراتر از یک استعاره، معرف دکترین بقای رژیم است: گذار از «حاکمیت قانون» به «وضعیت جنگی علیه شهروندان» که در آن حفظ قدرت به قیمت کشتار سیستماتیک مردم توجیه می‌شود.  پادگانی شدن شهرها: آرایش نظامی در معابر  گزارش‌های رسمی از تاریخ ۳ و ۴ فروردین ۱۴۰۵، نشان‌دهنده تغییر ماهیت حضور پلیس به یک آرایش جنگی تمام‌عیار است.  سردار مسعود مصدق، فرمانده یگان‌های ویژه فراجا، از اجرای مأموریت‌های گسترده در قالب «جنگ تحمیلی رمضان» خبر داد. به گفته وی، «گشت‌های پنهان و آشکار و ایست‌وبازرسی‌های مستمر در سراسر کشور برای برخورد با «مزدوران» فعال شده است.» (خبرگزاری دفاع مقدس، عصر ایران- ۳ فروردین ۱۴۰۵)  همزمان، سردار منتظرالمهدی، سخنگوی پلیس، ابعاد این پادگانی‌شدن را با ارقام تایید کرد: استقرار ۱۴۶۳ ایست و بازرسی ویژه و به‌کارگیری ۱۵ هزار واحد گشت خودرویی و موتوری. وی تاکید کرد که بیش از ۱۲۹ هزار نیروی انسانی از یگان‌های مختلف به‌صورت شبانه‌روزی برای کنترل وضعیت در خیابان‌ها مستقر شده‌اند. (صفحه اقتصاد- ۴ فروردین ۱۴۰۵)  این لشکرکشی بی‌سابقه در سطح شهرها، سندی بر ترس عمیق جمهوری اسلامی از فوران دوباره خشم عمومی و نقض فاحش حق آزادی و امنیت شخصی (ماده ۹ میثاق ICCPR) است و نشان می دهد که در صورت وقوع هر گونه اعتراض جمهوری اسلامی آماده است که کشتار دیماه ۱۴۰۴ را تکرار نماید.  جاسوس‌سازی و جرم‌انگاری تکنولوژی  رژیم در پوشش قطع اینترنت و فضای غبارآلود جنگی، موجی از بازداشت‌های گسترده را تحت عنوان «جاسوسی» آغاز کرده تا هرگونه اطلاع‌رسانی را جرم‌انگاری کند:  وزارت اطلاعات: اعلام بازداشت ۹۷ نفر به اتهام ارتباط با اسرائیل و ۴۵ نفر در استان‌های قزوین و آذربایجان غربی. فراجا: بازداشت ۶ نفر در تهران با اتهامات تروریستی و ادعای کشف مواد آتش‌زا. سپاه و اطلاعات: بازداشت مجموعاً ۱۰۴ شهروند در استان‌های خراسان رضوی، مرکزی، گلستان، هرمزگان و یزد به اتهام «ارسال مختصات اماکن نظامی» و ارتباط با رسانه‌ها. در این میان، داشتن تجهیزاتی مانند «استارلینک» آگاهانه به عنوان مصداق جاسوسی معرفی شده است. این اقدامات، نقض صریح ماده ۱۹ اعلامیه جهانی حقوق بشر (حق آزادی بیان) و ماده ۱۴ میثاق ICCPR (حق دادرسی عادلانه) است؛ چرا که این اتهامات کلی، تنها پوششی برای تصفیه‌های سیاسی و فیزیکی مخالفان در سکوت خبری است.  در بسیاری از این پرونده ها بازداشت شدگان  از حق دسترسی به وکیل محروم هستند و اعترافات آنان در شرایط نامشخص و تحت فشار گرفته می‌شود. انتشار اعترافات اجباری نیز یکی از روش‌هایی است که برای مشروع جلوه دادن بازداشت‌ها استفاده می‌شود.  اعدام‌های نمایشی و شکنجه سیستماتیک  بخش جنایت‌کارانه این ماشین سرکوب، استفاده از شکنجه‌های قرون‌وسطایی برای اخذ اعترافات اجباری است. پیوند نعیمی، شهروند بهایی در زندان کرمان، پس از دو ماه بلاتکلیفی تحت « دوبار اعدام نمایشی» و شکنجه‌های وحشیانه قرار گرفته است. مأموران او را متهم به دخالت در حوادث ۱۸ دی‌ماه و کشتن یک نیروی بسیچ کرده‌اند، در حالی که مستندات نشان می‌دهد وی پیش از آن تاریخ بازداشت شده بود و عملاً امکان حضور در صحنه را نداشته است. پخش اعترافات اجباری او در ۱۲ بهمن، تنها با هدف زمینه‌سازی حقوقی برای سلب حیات وی صورت گرفته است.  این فشارها در کنار اعدام سریع صالح محمدی (قهرمان ۱۹ ساله کشتی)، سعید داوودی و مهدی قاسمی که در ۲۸ اسفند در ملاءعام در قم به دار آویخته شدند، پازل «مهندسی ترس» را تکمیل می‌کند. صالح محمدی در دادگاه اعلام کرده بود اعترافاتش تحت شکنجه بوده، اما دستگاه قضایی با نقض ماده ۷ میثاق (منع شکنجه)، این اقاریر بی‌اعتبار را مستند قتل حکومتی قرار داد.  خانم مای ساتو، گزارشگر ویژه سازمان ملل، در پیامی در شبکه ایکس تأکید کرد: «از دریافت اطلاعات «عمیقاً نگران‌کننده» درباره اعدام افرادی خبر داده که در اعتراضات سراسری مشارکت داشته‌اند؛ موضوعی که می‌تواند نشان‌دهنده پیوند مستقیم میان مجازات اعدام و سرکوب سیاسی باشد.»  فشار بر اقلیتهای مذهبی  در ادامه فشارها بر شهروندان بهایی، گزارش شده است  بیش از ۶۰ روز از بازداشت پنج شهروند بهایی در مشهد شامل پیام فریدیان، سپهر کوشکباغی، عرفان طباطبایی، ربیع مالکی و نوید ذره‌بین می‌گذرد. این افراد در دی‌ماه در منزل یا محل کار خود توسط نیروهای امنیتی بازداشت شده و همچنان در زندان وکیل‌آباد در وضعیت بلاتکلیف نگهداری می‌شوند. با وجود پیگیری‌های مداوم خانواده‌ها، هیچ اطلاع روشنی درباره روند پرونده یا وضعیت حقوقی آنان ارائه نشده و خانواده‌ها طی هفته‌های گذشته بارها میان زندان و اداره اطلاعات رفت‌وآمد کرده‌اند، اما بدون دریافت پاسخ مشخص بازگشته‌اند. نیتا بابانژاد و فرزند وی پارسا عمادی، دو شهروند بهایی ساکن اصفهان، در تاریخ ۱۴ اسفند توسط مأموران اداره اطلاعات این شهر در منزل خود بازداشت شدند. خانم بابانژاد پس از بازداشت به بند پذیرش زندان دولت‌آباد منتقل شده و آقای عمادی نیز به بازداشتگاه اداره اطلاعات اصفهان انتقال یافته است. این دو شهروند همچنان به‌صورت بلاتکلیف در بازداشت به‌سر می‌برند و اتهام آنان «تبلیغ علیه نظام» عنوان شده است. در مشهد نیز آفرین بشاش، شهروند بهایی اهل مشهد، از دی‌ماه توسط نهادهای امنیتی بازداشت شده و همچنان در زندان وکیل‌آباد به‌صورت بلاتکلیف نگهداری می‌شود. عدم دسترسی به روند قانونی دادرسی و نگهداری طولانی‌مدت در بازداشت، مصداق بارز رفتار غیرانسانی و نقض مواد ۹ و ۱۴ میثاق بین‌المللی حقوق مدنی و سیاسی است.  📷بهائیان دستگیر شده تحلیل توالی سرکوب و اولویت بقا  تحلیل زنجیره اقدامات اخیر جمهوری اسلامی —از نام‌گذاری «تنگه خیابان» و استقرار لشکر ۱۲۹ هزار نفری در معابر، تا موج بازداشت‌های خودسرانه در پوشش قطع اینترنت و فضای جنگی، و در نهایت استفاده از اعدام‌های نمایشی و سلب حیات معترضان—نشان‌دهنده یک واقعیت هولناک است: جمهوری اسلامی هیچ ارزش و جایگاهی برای حقوق بنیادین بشر و جان شهروندان قائل نیست. در حالی که در زمان جنگ و بحران‌های بین‌المللی، وظیفه ذاتی هر دولتی صیانت از جان شهروندان و انسجام ملی است، جمهوری اسلامی«خیابان» را به میدان جنگ علیه ملت خود تبدیل کرده است. این توالیِ برنامه‌ریزی‌شده ثابت می‌کند که جمهوری اسلامی دشمن اصلی بقای خود را نه در جبهه‌های خارجی، بلکه در مطالبات مردم ایران می‌بیند. جمهوری اسلامی حاضر است برای حفظ هسته سخت قدرت، حتی در بحبوحه درگیری نظامی، ماشین کشتار خود را علیه مردم، معترضان و اقلیت‌های مذهبی بی‌دفاع جسورتر کند. این رویکرد، مصداق بارز تروریسم دولتی و جنایت سیستماتیک علیه بشریت است که برای بقای خود، هر مرز اخلاقی، انسانی و حقوقی را زیر پا می گذارد.  ضرورت اقدام فوری و پایان دادن به مصونیت  جامعه جهانی و نهادهای حقوق بشری نباید اجازه دهند که لفاظی‌های جنگی و قطع سیستماتیک اینترنت، به پوششی برای تصفیه فیزیکی مخالفان و معترضان تبدیل شود. وقتی جمهوری اسلامی رسماً «خیابان» را تنگه احد خود می‌نامد و ۱۲۹ هزار نیرو را برای مقابله با شهروندان بسیج می‌کند، پیام برای دنیا روشن است: کشتار مردم ایران، بخشی از استراتژی بقای این حکومت است، حکومتی که حقوق بشر، حقوق شهروندی و حقوق بین الملل هیچ ارزشی برای آن ندارد. هرگونه انفعال در برابر این سلب حیات سازمان‌یافته، به معنای تایید ضمنی ماشین کشتاری است که برای ماندن در قدرت، هیچ حد و مرزی در جنایت علیه بشریت نمی‌شناسد. اکنون زمان فعال‌سازی مکانیسم «صلاحیت قضایی جهانی» برای پایان دادن به مصونیت آمران و عاملانی است که بقای خود را در خون شهروندان و سرکوب اقلیت‌ها جستجو می‌کنند.
2044063534166810717	Tue Apr 14 14:41:38 +0000 2026	بازداشت ۱۰ نفر در قم به دلیل استفاده از استارلینک؛ هدف جلوگیری از گردش اخبار و اطلاعات است  رسانه‌های داخلی در ایران به نقل از رئیس پلیس فتای استان قم، دیروز دوشنبه ۲۴ فروردین ۱۴۰۵، از بازداشت دست‌کم ۱۰ نفر به دلیل استفاده از استارلینک خبر داده‌اند.  این رسانه‌ها به نقل از رئیس پلیس فتای استان قم نوشته‌اند که تجهیزات دریافت اینترنت ماهواره‌ای استارلینک، «کالای ضد امنیتی» است و با دارندگان آن «برخورد جدی» خواهد شد.  ماده ۵ قانون تشدید مجازات جاسوسی و همکاری با رژیم صهیونیستی و کشورهای متخاصم علیه امنیت و منافع ملی که مهرماه سال گذشته (۱۴۰۴) در ایران توسط مجلس شورای اسلامی تصویب شد، استفاده از اینترنت استارلینک را ممنوع و جرم‌انگاری کرده است.  بازداشت شهروندان به دلیل استفاده از ابزارهای دسترسی به اینترنت آزاد در حالی صورت می‌گیرد که حکومت جمهوری اسلامی بیش از یک ماه است دسترسی عمومی به اینترنت را به‌طور گسترده مختل و عملا ارتباط آزاد شهروندان با فضای اطلاعاتی جهانی را قطع کرده است. این محدودسازی فراگیر نه یک اقدام فنی یا موقت، بلکه بخشی از سیاست سیستماتیک حکومت برای کنترل گردش اطلاعات، جلوگیری از انتشار اخبار مستقل و محدود کردن امکان اطلاع‌رسانی درباره وضعیت کشور ارزیابی می‌شود.  در چنین شرایطی، جرم‌انگاری استفاده از اینترنت ماهواره‌ای و برخورد کیفری با دارندگان تجهیزات استارلینک نیز در امتداد همان سیاست سرکوب‌گرانه قابل تحلیل است؛ سیاستی که هدف اصلی آن محروم ساختن شهروندان از دسترسی آزاد به اطلاعات و انحصار کامل جریان خبر در دست حکومت است. ممنوعیت استارلینک بیش از آنکه مبتنی بر ضرورت‌های مشروع امنیتی باشد، ابزاری برای تشدید سانسور، سرکوب آزادی بیان و جلوگیری از دور زدن محدودیت‌های ارتباطی تحمیل‌شده بر جامعه محسوب می‌شود.  #استارلینک #دادبان
2043992349701738507	Tue Apr 14 09:58:46 +0000 2026	@frimbolin به نظرم درست نیست که اینجوری دوراهی اخلاقی تعریف کنیم، بیشتر خانواده ها امکان تماس تلفنی رو به هیچ وجه ندارن از طرفی تقریبا تمام وی پی ان هایی که می‌خریم هم روی سرورهای وایت لیسته مثل ابر آروان... پس هم پولش تو جیب اونا میره هم امن نیستن. مگه اینکه کسی مطمئن باشه استارلینکه
2043969008680980593	Tue Apr 14 08:26:01 +0000 2026	آگاهی بدون تغییر چرا برخی بر اشتباه خود می‌مانند بخش اول: از دی‌ماه تا پیش از جنگ  از دی‌ماه به این‌طرف، اگر بخواهم صادقانه، دقیق و بدون شعار روایت کنم، ما با زنجیره‌ای از وقایع روبه‌رو بودیم که از دل واقعیت‌های اقتصادی و مطالبات به‌حق مردم آغاز شد، اما خیلی زود توسط بازیگران مختلف، در داخل و خارج، بازتعریف و مصادره شد. آنچه در ابتدا اعتراض به معیشت، تورم، سقوط ارزش پول ملی و فشار طاقت‌فرسای اقتصادی بود، به‌تدریج به میدان رقابت روایت‌ها تبدیل شد. در این میان، یکی از برجسته‌ترین تلاش‌ها برای مصادره این فضا، از سوی رضا پهلوی صورت گرفت.  نقطه آغاز این روند، جهش ناگهانی قیمت دلار در ایران بود؛ جهشی که عملاً ستون‌های معیشتی بخش بزرگی از جامعه را متزلزل کرد. واکنش اولیه از سوی بازار شکل گرفت، جایی که به‌طور سنتی نسبت به بی‌ثباتی اقتصادی حساس‌تر است. اما این اعتراض‌ها به‌سرعت از سطح صنفی عبور کردند و به خیابان‌ها کشیده شدند. کارگران، جوانان، طبقه متوسط و اقشار مختلف به این موج پیوستند. این یک خیزش واقعی از دل جامعه بود، نه پروژه‌ای از پیش طراحی‌شده. نکته کلیدی اینجاست که این اعتراض‌ها پیش از هر فراخوان سیاسی خارجی شکل گرفته بودند. مردم روزها در خیابان حضور داشتند، درگیر شدند، بازداشت شدند و جان خود را از دست دادند. این واقعیت زمانی، پایه هر تحلیل جدی از این دوره است. با این حال، در همین نقطه، پهلوی وارد صحنه شد و تلاش کرد این جریان را در قالب یک جنبش همسو با خود بازتعریف کند.  او با فراخوان‌های ۱۸ و ۱۹ دی و با اتکا به رسانه‌های همسو، این روایت را مطرح کرد که مردم در پاسخ به او به خیابان آمده‌اند. در حالی که ترتیب وقایع نشان می‌داد اعتراض‌ها پیش‌تر آغاز شده‌اند. اینجا نخستین خطای جدی شکل گرفت: جایگزین کردن روایت به‌جای واقعیت.  این جابه‌جایی صرفاً یک اختلاف تحلیلی نبود، بلکه نوعی بازنویسی آگاهانه واقعیت اجتماعی بود. اعتراضی که از دل فشار اقتصادی و خشم عمومی شکل گرفته بود، به‌تدریج به‌عنوان پروژه‌ای هدایت‌شده معرفی شد و این، شکافی میان واقعیت کف خیابان و تصویر رسانه‌ای ایجاد کرد.  در ادامه، این شکاف با ادعاهای بزرگ‌تر عمیق‌تر شد. از استارلینک تا ریزش نیروهای نظامی. در موضوع استارلینک، پهلوی از صدها هزار دستگاه در ایران سخن گفت و این پیام را منتقل کرد که کمک در راه است. این ادعاها در فضای آن روزها امید ایجاد کرد، اما در عمل چنین کمکی به آن شکل تحقق پیدا نکرد. در حالی که این وعده‌ها مطرح می‌شد، مردم در خیابان‌ها با سرکوب شدید مواجه بودند و به خاک و خون کشیده می‌شدند. این فاصله میان وعده و واقعیت، به فرسایش اعتماد انجامید.  همزمان، سرکوب نیز شدت گرفت. استفاده از خشونت افزایش یافت و شمار کشته‌ها بالا رفت. مطالبات مردم که حول معیشت، کرامت و آزادی شکل گرفته بود، با پاسخ امنیتی مواجه شد. در این مرحله، نمی‌توان از واقعیت عبور کرد: حکومت جمهوری اسلامی در برابر مطالبات به‌حق مردم، مسیر سرکوب را انتخاب کرد.
2043948116819181804	Tue Apr 14 07:03:00 +0000 2026	راهنمای استارلینک: اصول کاهش خطر شناسایی  در بهار ۱۴۰۵ در جریان جنگ آمریکا و اسرائیل با جمهوری اسلامی، گزارش‌هایی از تلاش حکومت برای شناسایی ترمینال‌های استارلینک و نیز شناسایی و بازداشت شماری از کاربران استارلینک در ایران منتشر شد. با توجه به این گزارش‌ها رعایت چند نکته امنیتی می‌تواند به کاهش خطر شناسایی کمک کند.  استفاده از دستگاه هوشمند جداگانه بهتر است برای اتصال به استارلینک از یک گوشی یا لپ‌تاپ جداگانه استفاده شود. این دستگاه نباید حاوی اطلاعات شخصی، حساب‌های اصلی یا داده‌های حساس کاربر باشد.  حداقل‌سازی هویت دیجیتال از حساب‌های ناشناس استفاده کنید و شماره تلفن یا ایمیل واقعی خود را برای ایجاد حساب وارد نکنید.  پرهیز از ارتباطات قابل ردیابی تماس تلفنی و پیامک برای هماهنگی، از پرخطرترین اشتباهات است. انتخاب روش‌های امن‌تر، همراه با رعایت اصول امنیتی، ضروری است.  استتار و مخفی‌سازی ترمینال مهم‌ترین اصل، مخفی نگه‌داشتن دیش استارلینک است. اگر امکان دارد، آن را در مکانی قرار دهید که از بیرون قابل مشاهده نباشد یا حتی به داخل خانه منتقل کنید.  خاموش‌کردن دستگاه در زمان عدم استفاده روشن‌بودن دائمی دستگاه می‌تواند احتمال ردیابی یا شناسایی را افزایش دهد.  مخفی‌کردن آی.پی اینترنت استفاده از VPN یا ابزارهای امن مانند NasNet Connect برای اتصال استارلینک می‌تواند کمک کند تا آی.پی واقعی شما مشخص نشود.  مدیریت دسترسی به اپلیکیشن استارلینک اپلیکیشن استارلینک را از روی گوشی حذف کنید و در صورت نیاز، فقط از طریق مرورگر و در حالت Private یا Incognito به تنظیمات آن دسترسی داشته باشید.  تغییر نام وای‌فای (SSID) نام پیش‌فرض وای‌فای روتر استارلینک را تغییر دهید، زیرا نام پیش‌فرض می‌تواند به‌راحتی به شناسایی شبکه شما شود.  ندادن دسترسی به افراد ناشناس هرگز دسترسی ریموت یا مدیریتی به افراد ناشناس ندهید و کنترل کامل تنظیمات شبکه را فقط در اختیار خود داشته باشید.  پرهیز از استفاده از سرویس‌ها و اپلیکیشن‌های داخلی و ناشناس از وب‌سایت‌ها و اپلیکیشن‌های داخلی یا ناشناخته استفاده نکنید و هیچ اطلاعات مرتبط با استارلینک را روی گوشی یا کامپیوتر ذخیره نکنید. نصب برخی اپلیکیشن‌ها به‌ویژه اپ‌های داخلی یا ناشناخته می‌تواند خطر جدی به دنبال داشته باشد. مسئله فقط استفاده‌نکردن از این برنامه‌ها نیست؛ حتی وجود آن‌ها روی دستگاه نیز می‌تواند منجر به جمع‌آوری اطلاعات یا ایجاد سرنخ‌های قابل ردیابی شود. ادامه مطلب: https://t.co/eebpndWbxh
2043775102689665189	Mon Apr 13 19:35:30 +0000 2026	نفس در قفس، دوشنبه ۲۴ فروردین ۱۴۰۵؛ دست‌کم دوازده شهروند در استان‌های قم، اردبیل و تهران توسط نهادهای امنیتی و انتظامی بازداشت شده‌اند.  به گزارش «نفس در قفس»، ارگان خبری لیگ حقوق بشر زندانیان ایران، به نقل از منابع رسمی از جمله «تسنیم»، رئیس پلیس فتا استان قم اعلام کرد که مأموران انتظامی در جریان عملیاتی، چندین دستگاه اینترنت ماهواره‌ای (استارلینک) را کشف کرده و در این رابطه ۱۰ نفر را بازداشت کرده‌اند.  همچنین دادستان مرکز استان اردبیل اعلام کرده است که مأموران سازمان اطلاعات سپاه، فردی را به اتهام همکاری با دولت‌های متخاصم (ایالات متحده آمریکا و اسرائیل) در این استان بازداشت کرده‌اند. بنا بر ادعای مطرح‌شده، این فرد اقدام به تصویربرداری از محل استقرار نیروهای امنیتی کرده و تصاویر را برای یک رسانه خارج از کشور ارسال کرده است. به گفته مقام مذکور، این فرد در پی شناسایی اطلاعاتی، بازداشت شده است.  در تهران نیز، مرکز اطلاع‌رسانی فرماندهی انتظامی تهران بزرگ اعلام کرد که مأموران پلیس اطلاعات و امنیت، در پی دریافت گزارشی درباره نگهداری غیرقانونی سلاح و مهمات جنگی در شرق پایتخت، موضوع را در دستور کار قرار دادند. بر اساس این گزارش، فرد مظنون با کانال‌های غیرقانونی فروش سلاح در فضای مجازی در ارتباط بوده و نهایتاً مخفیگاه وی در محدوده تهرانپارس شناسایی شده است. در عملیات انجام‌شده، متهم بازداشت و مقادیری سلاح گرم، نارنجک و مهمات جنگی از محل کشف و ضبط شده است.  با این حال، اطلاعات منتشرشده از سوی منابع رسمی، فاقد جزئیات کافی درباره زمان دقیق بازداشت‌ها، نحوه انجام عملیات‌ها، هویت بازداشت‌شدگان، محل نگهداری آنان و وضعیت جسمی و روانی ایشان است. همچنین، هیچ‌گونه اطلاع شفافی در خصوص امکان دسترسی این افراد به وکیل منتخب و مستقل، یا امکان برقراری تماس با خانواده‌هایشان ارائه نشده است.  فقدان شفافیت در موارد یادشده، موجب بروز نگرانی‌های جدی نسبت به رعایت حقوق بنیادین بازداشت‌شدگان می‌شود. از جمله این حقوق می‌توان به حق آزادی و امنیت شخصی و منع بازداشت خودسرانه، حق اطلاع فوری، دقیق و قابل فهم از اتهامات، حق دسترسی بدون تأخیر به وکیل منتخب، حق برقراری ارتباط با خانواده، و حق برخورداری از دادرسی عادلانه، علنی و رسیدگی توسط مرجعی صالح، مستقل و بی‌طرف اشاره کرد.  رعایت این حقوق، مطابق با تعهدات بین‌المللی دولت‌ها در حوزه حقوق بشر، از جمله اصول مندرج در میثاق بین‌المللی حقوق مدنی و سیاسی، الزامی است. https://t.co/POx9SwmICi
2043761611081420863	Mon Apr 13 18:41:53 +0000 2026	🚩 پادکست خبری دوشنبه  ۲۴  فروردین  ۱۴۰۵  پشت دیوار زندانها چه میگذرد؟   کوتاه و اختصاصی صدای بازداشت‌شدگان از وضعیت #زندانیان_سیاسی و  نقض #حقوق_بشر  در ایران:    ▪️سحرگاه روز یک‌شنبه ۱۹ بهمن ۱۴۰۴، حکم اعدام یک زندانی به نام فیروز محمدی که با اتهام «قتل عمد» به قصاص نفس محکوم شده بود، در زندان مرکزی خرم‌آباد به اجرا درآمده است.  ▪️حکم اعدام ۴ تن از بازداشت‌شدگان اعتراضات دی‌ماه ۱۴۰۴، بیتا همتی، محمدرضا مجیدی‌اصل، کوروش زمانی‌نژاد و بهروز زمانی‌نژاد، توسط دادگاه انقلاب تهران به ریاست قاضی ایمان افشاری صادر شد؛ امیر همتی، دیگر متهم این پرونده، به ۵ سال و ۸ ماه حبس محکوم شد.  ▪️زینب شفیع‌زاده ، شهروند ساکن اصفهان، شامگاه یک‌شنبه ۲۳ فروردین‌ماه توسط نیروهای امنیتی #بازداشت و به مکان نامعلومی منتقل شده است.  ▪️آرسام محمودی، از بازداشت‌شدگان خیزش سراسری ۱۴۰۱، و آلان حکمتی‌راد، شهروند مهاباد، توسط نیروهای امنیتی بازداشت شده‌اند و تاکنون هیچ اطلاعی از وضعیت و محل نگهداری آنان منتشر نشده است.  ▪️پژمان زارع، شهروند بهائی ساکن شیراز علیرغم گذشت یک ماه از زمان بازداشت توسط ماموران اطلاعات سپاه، کماکان در بلاتکلیفی به‌سر می‌برد.  ▪️نزدیک به۲ هفته از بازداشت نسرین ستوده، وکیل حقوق بشری در ایران می‌گذرد، اما همچنان هیچ خبری از وضعیت وی و دلیل بازداشت در دست نیست.  ▪️علیرغم گذشت نزدیک به ۳ ماه از بازداشت آرتین غضنفری، عکاس خبری، او همچنان به‌صورت بلاتکلیف در وضعیت نامناسبی در زندان فشافویه محبوس است.  ▪️رئیس پلیس فتا استان قم از بازداشت ۱۰ شهروند به اتهام استفاده از اینترنت ماهواره‌ای استارلینک خبر داد. همزمان در هرمزگان، یک شهروند به اتهام «ارسال اطلاعات حساس به رسانه‌های خارج از کشور» توسط ماموران اطلاعات سپاه بازداشت شده و ویدیویی از اعترافات اجباری او منتشر شده است. در اردبیل نیز دادستان مرکز این استان از بازداشت یک شهروند توسط نیروهای اطلاعات سپاه خبر داده و علت آن را ارسال تصاویر و ویدیو از محل استقرار نیروهای نظامی به یک رسانه خارج از کشور عنوان کرده است.
2043734369030795424	Mon Apr 13 16:53:38 +0000 2026	🚩 پادکست خبری دوشنبه  ۲۴  فروردین  ۱۴۰۵  پشت دیوار زندانها چه میگذرد؟   کوتاه و اختصاصی صدای بازداشت‌شدگان از وضعیت #زندانیان_سیاسی و  نقض #حقوق_بشر  در ایران:    ▪️سحرگاه روز یک‌شنبه ۱۹ بهمن ۱۴۰۴، حکم اعدام یک زندانی به نام فیروز محمدی که با اتهام «قتل عمد» به قصاص نفس محکوم شده بود، در زندان مرکزی خرم‌آباد به اجرا درآمده است.  ▪️حکم اعدام ۴ تن از بازداشت‌شدگان اعتراضات دی‌ماه ۱۴۰۴، بیتا همتی، محمدرضا مجیدی‌اصل، کوروش زمانی‌نژاد و بهروز زمانی‌نژاد، توسط دادگاه انقلاب تهران به ریاست قاضی ایمان افشاری صادر شد؛ امیر همتی، دیگر متهم این پرونده، به ۵ سال و ۸ ماه حبس محکوم شد.  ▪️زینب شفیع‌زاده ، شهروند ساکن اصفهان، شامگاه یک‌شنبه ۲۳ فروردین‌ماه توسط نیروهای امنیتی #بازداشت و به مکان نامعلومی منتقل شده است.  ▪️آرسام محمودی، از بازداشت‌شدگان خیزش سراسری ۱۴۰۱، و آلان حکمتی‌راد، شهروند مهاباد، توسط نیروهای امنیتی بازداشت شده‌اند و تاکنون هیچ اطلاعی از وضعیت و محل نگهداری آنان منتشر نشده است.  ▪️پژمان زارع، شهروند بهائی ساکن شیراز علیرغم گذشت یک ماه از زمان بازداشت توسط ماموران اطلاعات سپاه، کماکان در بلاتکلیفی به‌سر می‌برد.  ▪️نزدیک به۲ هفته از بازداشت نسرین ستوده، وکیل حقوق بشری در ایران می‌گذرد، اما همچنان هیچ خبری از وضعیت وی و دلیل بازداشت در دست نیست.  ▪️علیرغم گذشت نزدیک به ۳ ماه از بازداشت آرتین غضنفری، عکاس خبری، او همچنان به‌صورت بلاتکلیف در وضعیت نامناسبی در زندان فشافویه محبوس است.  ▪️رئیس پلیس فتا استان قم از بازداشت ۱۰ شهروند به اتهام استفاده از اینترنت ماهواره‌ای استارلینک خبر داد. همزمان در هرمزگان، یک شهروند به اتهام «ارسال اطلاعات حساس به رسانه‌های خارج از کشور» توسط ماموران اطلاعات سپاه بازداشت شده و ویدیویی از اعترافات اجباری او منتشر شده است. در اردبیل نیز دادستان مرکز این استان از بازداشت یک شهروند توسط نیروهای اطلاعات سپاه خبر داده و علت آن را ارسال تصاویر و ویدیو از محل استقرار نیروهای نظامی به یک رسانه خارج از کشور عنوان کرده است.
2043724925681435132	Mon Apr 13 16:16:07 +0000 2026	@IranUSIsrael راه‌های زیادی وجود داره که خودت هم حتما انجام دادی. می‌تونی براشون استارلینک بفرستی. براشون وکیل بگیری. به مبارزین کمک درمانی و معیشتی بفرستی. در خارج براشون لابی‌گری کنی.
2043714805547110853	Mon Apr 13 15:35:54 +0000 2026	چرا برخی کاربران استارلینک در ایران بازداشت شدند؟  در روزهای اخیر، خبرهایی درباره بازداشت برخی کاربران #استارلینک در ایران منتشر شده است. آمار دقیقی در دست نیست، اما بررسی چند مورد نشان می‌دهد که این بازداشت‌ها معمولا نتیجه یک اشتباه ساده نبوده، بلکه از ترکیب چند خطای امنیتی شکل گرفته‌اند؛ خطاهایی که هم در روند تحویل دستگاه و هم در نحوه استفاده از آن اتفاق افتاده‌اند.  گاهی گفته می‌شود دلیل این بازداشت‌ها فقط یک تماس تلفنی یا بی‌احتیاطی ساده بوده است. این نگاه اگرچه بخشی از واقعیت را نشان می‌دهد، اما تصویر کاملی ارائه نمی‌کند و حتی می‌تواند گمراه‌کننده باشد. در عمل، شناسایی کاربران معمولا به دلیل یک «زنجیره خطا» اتفاق می‌افتد؛ از نوع ارتباط‌گیری گرفته تا رفتار آنلاین و اپلیکیشن‌هایی که روی دستگاه نصب هستند.  برای مثال، در برخی موارد، هماهنگی برای تحویل دستگاه از طریق تماس تلفنی یا پیامک انجام شده است. این نوع ارتباط‌ها به‌راحتی قابل ردیابی هستند و می‌توانند هم فرستنده و هم گیرنده را در معرض شناسایی قرار دهند. اما تمرکز فقط روی این مشکل کافی نیست، چون مشکل اصلی عمیق‌تر از یک اشتباه ارتباطی است.  🔹یکی از مهم‌ترین مشکلات، یک تصور اشتباه درباره استارلینک است: این‌که صرف اتصال به آن، امنیت ایجاد می‌کند. در حالی که استارلینک فقط مسیر اینترنت را تغییر می‌دهد، نه هویت کاربر را پنهان می‌کند و نه رفتارهای ناامن را بی‌اثر می‌سازد. اگر کاربرها عادت‌های اشتباه داشته باشند، این عادت‌ها می‌تواند به شناسایی منجر شود.  در این میان، نقش اپلیکیشن‌ها بسیار مهم است. در بررسی‌ها مشخص شده که برخی کاربران فکر می‌کردند فقط کافی است هنگام اتصال به استارلینک از اپلیکیشن‌های ایرانی استفاده نکنند. اما واقعیت این است که مسئله فقط «استفاده نکردن» نیست، بلکه فراتر از آن، «نصب نکردن» این اپ‌هاست. وجود چنین اپلیکیشن‌هایی روی دستگاه حتی بدون استفاده مستقیم می‌تواند به جمع‌آوری اطلاعات، ثبت الگوهای رفتاری یا ایجاد سرنخ‌هایی برای شناسایی منجر شود. ادامه مطلب: https://t.co/RBJsIYRAHp
2043704406470758704	Mon Apr 13 14:54:35 +0000 2026	رئیس پلیس فتا در استان قم از بازداشت ۱۰ نفر به اتهام استفاده از اینترنت ماهواره‌ای خبر داد.   به گفته این مقام انتظامی، در جریان این عملیات، چند دستگاه اینترنت ماهواره‌ای «استارلینک» نیز از افراد بازداشت‌شده کشف و ضبط شده است. او این تجهیزات را «تهدیدی علیه امنیت» خوانده و تأکید کرده که برخورد با دارندگان آن‌ها با شدت بیشتری ادامه خواهد داشت.   با این حال، تاکنون هیچ اطلاعات روشنی درباره هویت افراد بازداشت‌شده، محل نگهداری آنان یا وضعیت پرونده‌های قضایی‌شان منتشر نشده است.  در همین حال، طی هفته‌های اخیر گزارش‌های متعددی از بازداشت شهروندان در نقاط مختلف کشور منتشر شده است.  بر اساس این گزارش‌ها، اتهام‌هایی مانند «استفاده از اینترنت ماهواره‌ای»، «اخلال در افکار عمومی» و «انتقال اطلاعات حساس» در پرونده‌های جدید مطرح می‌شود.
2043689517597503711	Mon Apr 13 13:55:25 +0000 2026	رییس پلیس فتا‌ی استان قم، روز دوشنبه ۲۴ فروردین، از بازداشت ۱۰ شهروند به اتهام «استفاده از اینترنت ماهواره‌ای استارلینک»، خبر داد.  این مقام انتظامی گفت که از این افراد چندین دستگاه اینترنت ماهواره‌ای استارلینک نیز کشف شده است. بیشتر بخوانید: https://t.co/nyB7E08702 https://t.co/QdwKAzNl4B
2043679005858046190	Mon Apr 13 13:13:39 +0000 2026	قم؛ ۱۰ شهروند به دلیل استفاده از استارلینک بازداشت شدند  رئیس #پلیس_فتا‌ استان #قم از #بازداشت ۱۰ شهروند به دلیل آنچه استفاده از #اینترنت ماهواره‌ای #استارلینک عنوان کرده است، خبر داد.  این مقام انتظامی دلیل بازداشت این افراد را استفاده از اینترنت ماهواره‌ای استارلینک عنوان کرد و گفت که چندین دستگاه استارلینک نیز از متهمان کشف شده است. وی تجهیزات اینترنت ماهواره‌ای استارلینک را به عنوان کالای ضد امنیتی طبقه‌بندی معرفی کرد و تهدید کرد که با دارندگان این دستگاه‌ها برخورد جدی صورت خواهد گرفت. در این گزارش به هویت، محل بازداشت، نگهداری و اتهامات مطروحه علیه افراد بازداشت‌شده اشاره‌ای نشده است. #حقوق_بشر
2043658840839782587	Mon Apr 13 11:53:31 +0000 2026	⚡️رئیس پلیس فتا در استان قم اعلام کرد که مأموران انتظامی ضمن «شناسایی و کشف چندین دستگاه اینترنت ماهواره‌ای استارلینک» ۱۰ نفر را بازداشت کرده‌اند. نهادهای سرکوب در جمهوری اسلامی، تجهیزات استارلینک را به‌عنوان کالای «ضد امنیتی» طبقه‌بندی کرده‌اند. https://t.co/usFnUa9gq2
2043629346376528106	Mon Apr 13 09:56:19 +0000 2026	قم؛ ۱۰ شهروند به دلیل استفاده از استارلینک بازداشت شدند  خبرگزاری هرانا – رئیس پلیس فتا‌ی استان قم از #بازداشت ۱۰ شهروند به دلیل آنچه استفاده از اینترنت ماهواره‌ای استارلینک عنوان کرده است، خبر داد.  ادامه مطلب https://t.co/Fivh1lGfOA https://t.co/86G5VCgMWE
2043603441046421507	Mon Apr 13 08:13:23 +0000 2026	رییس پلیس فتای استان قم: ماموران انتظامی چند دستگاه استارلینک را کشف کردند و ۱۰ نفر را بازداشت کردند؛ تجهیزات اینترنت ماهواره‌ای استارلینک کالای ضد امنیتی است و با دارندگان آن طبق قانون برخورد جدی می‌شود
2043083282435174632	Sat Apr 11 21:46:27 +0000 2026	۲- مطمئن برای اتصالِ خودشون و خانواده و دوستان این چند توییت رو نوشتم که بگم: اگه استارلینک و رانت ندارید نمی‌شه. (قصد ناامید کردن‌تون رو ندارم صرفن از روی تجربه و تخصص، جلو وقت و هزینه‌ای که قراره هدر بره رو گرفتم)  #پاينده_ایران  #جاویدشاه
2042703852429021196	Fri Apr 10 20:38:44 +0000 2026	@Rmary_16 @madsea77 به چی میخندی توله شیعه فکر کردی مردم ایران مثل مردم کره شمالی هستن هر محدودیتی بزارین روشون مثل گوسفند قبول میکنن هنوز سر حجاب اجباری درس نگرفتین سر رسانه میلی که باعث شد همه خانواده ها ماهواره بخرن این حرکت هم نهایت باعث میشه همه استارلینک بخرن.  برو موشعلی رو چال کن. کوصشعرنگو.
2042635233703407661	Fri Apr 10 16:06:04 +0000 2026	ببین رائفی پور و ظریف هیییچ فرقی باهم ندارن !  چون مهم نیست " چرا " تو داری وطن فروشی می کنی!  یارو Epstein ازت پرونده داره؟ یا نگران جایگاه سیاسی رسانه ای خودتی؟  و من شخصا نتیجه گرا هستم!  و یادتونه در مورد Starlink چه افسانه سرایی هایی که نمی کردن؟!  تضاد منافع! #اینترنت_ملی https://t.co/OaqV36ztnL
2042617814297530382	Fri Apr 10 14:56:51 +0000 2026	@street2584 میدونیم ، ما اینجا شرمنده مردمیم 😞 …. خانواده خود منم از روز اول دسترسی نداشتن :( معدود دفعاتیم که زنگ میزنن همینا رو میگن …  من خودم چند سری پرسیدم توی توییتر بچه ها گفتن یا استارلینک باید بیارن ( که مدام داریم به ایلان ماسک میگیم) یا از داخل باید باز بشه
2042611644925108711	Fri Apr 10 14:32:20 +0000 2026	گزارش اخیر فیلتربان تاکید می‌کند که بیش از ۷۱٪ از درخواست‌های کمک ثبت‌شده  در خصوص تهدیدات سایبری مربوط به تهدیدات داخل ایران است که نشان‌دهنده جغرافیای سرکوب است. تهران با فاصله در صدر است، اما داده‌ها نشان می‌دهد سرکوب سایبری به‌صورت گسترده در سراسر کشور توزیع شده؛ به‌ویژه در دوره‌های اعتراضات و جنگ، که موج بازداشت، ضبط تجهیزات و فشار امنیتی به‌طور چشمگیری افزایش یافته است. افزایش ۷۶۳ مورد بازداشت و ضبط دستگاه فقط در ۳۱ روز، جرم‌انگاری ابزارهایی مانند استارلینک، و مسدودسازی زیرساخت‌هایی مثل OTP، نشان می‌دهد کنترل اینترنت صرفاً یک اقدام فنی نیست بلکه بخشی از سازوکار امنیتی و سرکوب است. در این میان، امنیت حساب‌های کاربری (۳۵٪)، اقلیت‌های قومی، سازمان‌های حقوق بشر و حتی تولیدکنندگان پادکست، به اهداف اصلی تبدیل شده‌اند.
2042549675341819998	Fri Apr 10 10:26:05 +0000 2026	بیاید از من وی‌پی‌ان بگیرید.   اولین دلیل: خرج خانواده می‌دم (بی‌شوخی).   دومین دلیل: آی‌پی سرور منه، فکر کنم الان فقط استارلینک باشه، بقیه همش اگر باشه روش وی‌پی‌ان زدن.   قیمتم مناسبه، قطعی نداره. راضی نباشید پولتونو برمی‌گردونم. دیگه چی می‌خواید؟
