Sat May 02 04:28:45 +0000 2026	arad22860351	0	0	@saraataherii وقتی هم ما به خاطر قطع اینترنت بیکار شدیم امثال تو پفیوز با سیمکارت سفید احتمالا گوه میخوردین	https://x.com/arad22860351/status/2050432281622241322
Sat May 02 04:15:46 +0000 2026	Man1400ir	0	0	@MehdiNoorbaksh به عنوان یک ایرانی بهت میگم که نخوری کسی نمیگه لالی !\nپیرمرد بشین یک گوشه ماستتو بخور ! مگه بیکاری می‌آیی اینجا گه بلغور می کنی فحش بخوری ! \nجنگ بشه ، نشه ، به حال تو فرقی نمیکنه ! هیچکس تو را داخل آدم نمی دونه! مردم اسیر و گرفتار شدن هستند و تو متاسفانه هیچگونه درکی نداری!	https://x.com/Man1400ir/status/2050429012317442311
Sat May 02 04:06:10 +0000 2026	DamDami	9	0	با این وضعیت محاصره دریایی اقتصادی، بیکاری، تورم، اینترنت طبقاتی و بدبختی، جاکشان معتقدن که وصل شدن اینترنت باعث به خطر افتادن امنیت ملی میشه!\nقبر پدرتونو سگ بگاد حرام‌زاده‌ها	https://x.com/DamDami/status/2050426597975425214
Sat May 02 04:00:03 +0000 2026	Medinfo_X	32	6	بحران‌های اقتصادی همراه با تورم و بیکاری گسترده و همچنین مشکلاتی مانند قطع اینترنت، باعث انباشت خشم عظیمی در جامعه شده است که مستقیماً به شکل‌گیری و گسترش قیام‌ها و خیزش‌های مردمی می‌انجامد. \n\nقدرت اصلی مردم ایران در برابر حکومت، در همین خیزش‌های میلیونی نهفته است. \n\nحتی در صورتی	https://x.com/Medinfo_X/status/2050425059437924519
Sat May 02 03:53:24 +0000 2026	codeine1376	6	0	یه زمانی از دیجی‌کالا لپ‌تاپ خریدم، رسید دستم روشن نشد. گفتن مرجوع کن، بعد زیرش زدن! تا وقتی توییت نکردم و بقیه هم تجربه‌هاشون رو نگفتن، کسی پاسخگو نبود. تماس گرفتن گفتن پس بفرست، ولی توییت رو پاک کن! گفتم اول پول بعد!\n\nالان با این اینترنت محدود، راحت‌تر میشه حق مردم رو خورد؟	https://x.com/codeine1376/status/2050423384849179123
Sat May 02 03:34:39 +0000 2026	Iran23WLF	0	0	@mhcz128 @RashidpourReza اگه داخل پروژه و پروسه نیست چطور هر دو شما از یک آخور دارید میخورید حرومزاده های مفت خور. \nمیلیون ها نفر بیکار شدن در ایران به خاطر قطعی اینترنت. فقط هزاران معلم هستند که با تدریس خصوصی به صورت آنلاین دارن کار می کنن. هزاران بیزینس آنلاین ورشکست شده. \n\nبعد شما دو تا حرومزاده	https://x.com/Iran23WLF/status/2050418665602916449
Sat May 02 03:27:00 +0000 2026	Lili_rose_199	1	0	روز سوم مهاجرت تازه رسیده بودم شهر مقصد \nبدون اینترنت و حتی سیمکارت، تو سرمای سگی و خونه ی خالی از سکنه :)\nفرداش از خواب بیدار شدم، با تصور اینکه خونه ی خودمونم و چند دقیقه طول کشید بفهمم کجام و بعدشم زدم زیر گریه :)	https://x.com/Lili_rose_199/status/2050416741579108680
Sat May 02 02:29:00 +0000 2026	MamaneNoodle	7	0	سومین روز مهاجرت ما ژینا رو کشتن و \nچند روز بعدش وقتی هنوز حتی سیم کارت و نت درستی نداشتم که با خانواده حرف بزنم\nاینترنت ایران رو قطع کردن\nدعواهای مفصلمون هیچی نشده شروع شده بوده\nو من تنهاترین ادم روی این کره خاکی بودم…	https://x.com/MamaneNoodle/status/2050402143622828521
Sat May 02 01:57:56 +0000 2026	miladmg59	0	0	سعید قاسمی نژاد از FDD اخراج شد\nبه نظر صهیونیست‌ها ایرانیان خائن عضو FDD رو  باعث شکست در این جنگ میدونن\nپس احتمالا به زودی از اونها انتقام بگیرن \nنظر تو چیه سعید \n@SGhasseminejad	https://x.com/miladmg59/status/2050394325633089928
Sat May 02 01:49:05 +0000 2026	azadtarin123	0	0	@fatimaalvand @Bardia_A2 آخه بی وطن بخاطر جنگ بیکار شدند یا بخاطر اینکه اربابات اینترنتو بستن؟ بخدا اون استخونی که آخوندها جلوت میندازن ارزش خونشویی براشونو نداره، آه این مادرها رو دنبال خودت نذار از سرنوشت خامنه ای مغول درس بگیر	https://x.com/azadtarin123/status/2050392098008899791
Sat May 02 01:15:47 +0000 2026	Shaaloodeh	2	0	ذهنم درگیره که اگر از اون دایره اولی که خودم رو درش با ایران و خاورمیانه و جنگ و مهاجرت و کار توصیف می‌کنم، بیام دایره پنجم، و بخوام خودم رو درش به عنوان یک خود کلی‌تر و بی‌تعلق‌تر توصیف کنم، از چه چهار کلمه‌ای استفاده می‌کنم. و جالبه که پیدا کردن اون کلمه‌ها برام آسون نیست.	https://x.com/Shaaloodeh/status/2050383716841562126
Sat May 02 01:13:31 +0000 2026	hunter_of57s	42	4	اگر شایعات درست باشه و قاسمی نژاد از FDD اخراج شده باشه  محتملترین معنا اینکه اسرائیل پروژه اش در جنگ روانی و استفاده از جنبش ملی به آخر رسیده و دیگه نیازی به رویافروشی و فریب مردم ایران نمیبینه. در دور بعدی جنگ هم به طرف زدن کامل زیرساختها و اهداف غیرنظامی میره...	https://x.com/hunter_of57s/status/2050383149570404549
Sat May 02 01:05:20 +0000 2026	amirnaeini	1	0	بیکار شدم از بی پولی بگا رفتم دیگه، هرچی پس انداز داشتم تموم شد، وصل کنید اون اینترنت رو بتونیم ۲زار پول دربیاریم	https://x.com/amirnaeini/status/2050381089441505367
Sat May 02 00:50:09 +0000 2026	miladcontent	14	3	افسر مهاجرت فرودگاه کانادا از تاج پرسیده سپاهی هستی؟ تاج گفته ما تو ایران ۹۰ ملیون همه سپاهی هستیم.\n\nخب اینترنت ۹۰ ملیون سپاهی رو وصل کن مادر جنده، از چی میترسی؟\n\n#جاویدشاه \n#انقلاب_شیروخورشید	https://x.com/miladcontent/status/2050377269731016720
Sat May 02 00:06:12 +0000 2026	faribarad60	2	0	مصاحبه با #اسماعیل_بخشی فعال کارگری در مورد وضعیت کنونی کارگران ایران\nجنگ شر مطلق است\nجنگ همه مشکلات موجود در ایران را  ده ها و صد ها برابر کرده\nدخالت گری “ بشر دوستانه” طرفداران جنگ منجر به بیکاری وحشتناک ، گرانی بی سابقه گردیده است.\nجنگ باعث گردیده که طرفداران حکومت خیابان ها	https://x.com/faribarad60/status/2050366208722047132
Fri May 01 23:40:56 +0000 2026	Mardom1041132	2	0	@zavosh_ غلط کردید جنگ خواستید، ما که گفتیم ج ا با جنگ نمیره، هارتر هم شد، هر روز اعدام می‌کنه، مردم هم به خاک سیاه نشستند. نتانیاهو هم با افتخار گفت پتروشیمی رو زدیم. اون همه کارگر بیکار شدند. خاک بر سر نفهم‌تون!	https://x.com/Mardom1041132/status/2050359850001904011
Fri May 01 23:36:22 +0000 2026	mohammadbabaal2	0	0	@Bushra1Shaikh ای زنیکه دروغ و فاحشه.. نبود اینترنت باعث بیکاری ۲ میلیون شغل شده.. ایا کسی در دنیا هست که بخاطر نداشتن اینترنت خوشحال باشد. ـبا این جنده پولی و رسوا کردــحرام زاده	https://x.com/mohammadbabaal2/status/2050358698602631592
Fri May 01 23:31:13 +0000 2026	Mitrashafi	0	0	@USABehFarsi مردم  معترض ایران و اپوزیسیون با رهبری شاهزاده رضا پهلوی را حمایت کنید\nدسترسی به اینترنت را برای ما مردم فراهم کنید\nمردم را از داخل برای قیام نهایی تجهیزکنید\nسیستم مالی پولشویی و دور زدن تحریم این غاصبان را نابود کنید\nوابستگان و حامیان این حکومت را اخراج کنید	https://x.com/Mitrashafi/status/2050357402172862725
Fri May 01 23:21:44 +0000 2026	MehdiNoorbaksh	39	3	تعدادی از طرفداران و مشاورین رضا پهلوی کارشان را تمام شده میدانند.از سازمانهای وابسته اخراج شده اند.کارشان تبدیل رضا پهلوی به ضد رضا پهلوی بود تا برای او ابرویی نماند.او را جنگ طلب، طرف ناتانیاهو و…کردند تا سلطنت طلبی در پهلوی طلبی خلاصه شود و ضربه آخر را باو  و این اندیشه بزنند	https://x.com/MehdiNoorbaksh/status/2050355015944954185
		0	0		https://x.com/unknown/status/
Fri May 01 23:08:21 +0000 2026	curiouskoorosh	0	0	@zavosh_ مثل شما عقب مونده ها نیستم که فک کنم جنگ و تخریب زیر ساخت معیشت مردم رو بهتر میکنه. برو میزان تورم و نرخ بیکاری ۵۰ سال اخیر ایران رو نگاه کن ببین تو چه دوره ای و با چه معیارهای داخلی و خارجی وضعیت بهتر بوده.	https://x.com/curiouskoorosh/status/2050351650762625288
Fri May 01 23:07:18 +0000 2026	shoombooltala45	0	0	@moridekhameneie آخه میدونی قبل جنگ داشتیم تو ارزونی و رفاه کامل زندگی میکردیم قیمت هیچی هم بالا نمیرفت. دلیل اخراج ها و تعدیل نیروها قطع اینترنته جنده ولایی	https://x.com/shoombooltala45/status/2050351384009064515
Fri May 01 22:54:32 +0000 2026	azarakhsh285	0	0	@manaartlov2 این عنچوچک تا پارسال ادعای ملی گرایی و میهن دوستیش ماتحت خرو پاره کرده بود و به شدت مخالف شازده آدولف بود بهش میگفت مزدور اجنبی. بعد یهویی رفت تو فرقه «تنها الترناتیو» و شد طرفدار جنگ و سینه چاک ر پ! یه مشت علاف بیکار که هیچ گهی نشدن تو خارج و با چندرغاز پول راحت خریده میشن.	https://x.com/azarakhsh285/status/2050348173592293784
Fri May 01 22:40:23 +0000 2026	Aydadaa	5	0	من دلم نمی‌خواد مجبور باشم کلی چیز یاد بگیرم تا فقط بتونم به اینترنت وصل بشم.\nدلم نمی‌خواد هرروز و برای هر چیز کوچیکی، تو دوراهی اخلاقی قرار بگیرم.\nدلم نمی‌خواد مجبور باشم مهاجرت کنم و بعد از این‌همه سگ‌دو زدن، دوباره از صفر شروع کنم.	https://x.com/Aydadaa/status/2050344611860611100
Fri May 01 22:36:20 +0000 2026	wolandzz	0	0	امشب در خلال مستی با دوستی که به تازگی بیکار شده،صحبت میکردیم و پرسید چی میشه؟جنگ میشه؟\nگفتم نمیدونم ولی با خودم فکر کردم نسبت به ۸ اسفند چی تغییر کرده؟\nفقط خامنه ای پودر شد و چارتا سرلشکر و فرمانده سپاه بگا رفتن و تعدادی کلانتری صاف شد.\nهسته ای،موشکی و نیابتی هنوز مونده	https://x.com/wolandzz/status/2050343593190052150
Fri May 01 22:28:43 +0000 2026	javidsha1304	1	0	@Chiki_Chiki_Bam @Realneo101 مادرکصده ننه کیر دزد قبل جنگ هم تلگرام اینستاگرام توییتر یوتیوب ردیت توییچ و اکثر اپلیکیشنا فیلتر بودن\nدلار بالای صد \nبرق قطع\nاب قطع\nتورم\nبیکاری\nفساد\nخودکشی\nاختلاس\nاعدام\nتجاوز\nمسمومیت مدارس دخترانه\nهواپیما اوکراین\nپلاسکو\nسانچی\nمتروپل\nکوی دانشگاه\nنیزار ماهشر\nاینام برا جنگ بود؟	https://x.com/javidsha1304/status/2050341673645793339
Fri May 01 22:04:51 +0000 2026	fatimaalvand	0	0	@Bardia_A2 هر وقت برای بیمار داخل خونت، دارو نتونستی بخری و بجاش مجبور شدی برای تسکین دردش مرفین و تریاک بدی، اونوقت بیا ببینم برای مملکت جنگ تجویز می کنی یا نه. کلی مردم بخاطر این جنگ بیکار شدند . بی شرفی و بی وطنی همینه دیگه	https://x.com/fatimaalvand/status/2050335668967014449
Fri May 01 21:44:24 +0000 2026	Natallie__B	0	0	از وقتی اینترنت قطع شد بیکار شدم\nولی سریالای خوب دیدم\nرانندگی یاد گرفتم\nزبان میخونم\nو ادامه میدم.	https://x.com/Natallie__B/status/2050330522698518702
Fri May 01 21:30:07 +0000 2026	drsinmim	3	0	دوستان برنامه نویس فکر کنید یک نفر میخواد پزشکی رو بذاره کنار و به برنامه نویسی مشغول بشه !\nایا با وضعیت اینترنت کار عاقلانه ای هست؟ \nبا این نت ایران پروژه های داخل ایران درامد خوبی میارن؟\nبرای مهاجرت و کار در خارج از کشور چی؟\nکار فریلنسریش چطوره؟\n#کمک	https://x.com/drsinmim/status/2050326926464553315
Fri May 01 21:26:23 +0000 2026	fateme44gh	2	1	#روز_جهانی_کارگر ؛ کارگران ایران در سایه بحران جنگ\nاول ماه مه، روز همبستگی #کارگران جهان، در #ایران با سایه سنگین بحران‌های اقتصادی و جنگ همراه شده است. میلیون‌ها کارگر با بیکاری، دستمزدهای ناکافی و نبود امنیت شغلی دست‌وپنجه نرم میکنند...\n#نه_شاه_نه_شیخ\n#اری_به_جمهوری_دموکراتیک https://t.co/j32pTerAIf	https://x.com/fateme44gh/status/2050325986445558136
Fri May 01 21:19:43 +0000 2026	ThunderHunterV	15	1	البته چون قرار بود #پهلوی برگرده\nبرگشت سر خونه زندگی مرفهش تو واشنگتن\nتا حین تو رگ زدن ویسکی و کباب\nهالیدی‌شون رو با یاسمین برنامه‌ریزی کنن\n\nو ما موندیم با بمب و جنگ، هزاران کشته، ابرتورم، عربده‌کشان شبانه، اینترنت بی‌نت، اعدام، بیکاری، کهریزک، بدبختی، #میناب، ناامیدی، سیاهی و...	https://x.com/ThunderHunterV/status/2050324310804381823
Fri May 01 21:17:50 +0000 2026	AManafii	7	0	مدیرکل تعاون، کار و رفاه اجتماعی گیلان گفته که ۴۹۳۱ کارگر برای بیمه بیکاری درخواست دادند که ۳۴۳۱ نفر اونها مربوط به دوران جنگ اخیر است. \n\nکارخانه نساجی بروجرد هم از ۸۰۰ کارگری که داشته، ۷۰۰ نفر رو تعدیل کرده. کارگرهای تعدیل شده، یک ماه حقوق پایانی و عیدی پایان سالشون رو هم	https://x.com/AManafii/status/2050323838735704531
Fri May 01 21:00:31 +0000 2026	Yasmincameback	2	0	@ArashAryanpoori @zavosh_ نخیر احمق آخوند به کون. قطعی اینترنته که این همه آدم رو داره از کار بیکار میکنه و کلی بیزنس رو تعطیل کرده. برو چک کن ببین خسارت قطعی اینترنت چقدره و خسارت جنگ چقدر بوده. برو به آخوندا بگو اینترنت رو وصل کنن.	https://x.com/Yasmincameback/status/2050319478387519674
Fri May 01 20:53:52 +0000 2026	DanyalNby29081	0	0	🔴 آسوشیتدپرس؛ اقتصاد ایران زیر آوار جنگ\n💢 از تعطیلی گسترده صنایع تا بیکاری و گرانی، فشار اقتصادی به سطحی بی‌سابقه رسیده است.\nسؤال اینجاست:\nاین مسیر به کجا خواهد رسید؟\n🔴 به ما در یوتیوب بپیوندید:👇👇👇\nhttps://t.co/mmCsnFwxmF https://t.co/U4sfjTrTqz	https://x.com/DanyalNby29081/status/2050317804826439964
Fri May 01 20:53:10 +0000 2026	sas523	0	0	@PahlaviReza چجوری وایسادی دقیقا؟\n\nبه جز درخواست حمله و جنگ که نتیجتا بیکاری و در مرحله بعدی از هم پاشیدن خانواده هاست….\n\nمردک حیف نون.\nواسه اینکه دو روز جدی بگیرنت هر غلطی داری میکنی.	https://x.com/sas523/status/2050317627080196226
		0	0		https://x.com/unknown/status/
Fri May 01 20:41:33 +0000 2026	dokhtarhaji9	0	0	@michiamoangel یه سوال \n\nبعد جریان جنگ و اتفاقاتی که بین ایران با کشورها عربی افتاده \n\nدرمورد ایرانی ها آپدیت جدیدی در مورد  بحث سرمایه گذاری یا مهاجرت کاری ندادن	https://x.com/dokhtarhaji9/status/2050314705462349943
Fri May 01 20:02:50 +0000 2026	majidasghari68	2	0	@Rahbarenghelab_ باشه پولشو شما بدین حتما ،کسب و کارمون نابود کردین با قطع اینترنت بعد تعدیل نیرو نکنیم چجوری زنده بمونیم ؟از جنگ نابود نشدیم امااز سیاستهای خودخواهانه شما بیچاره شدیم	https://x.com/majidasghari68/status/2050304960919744540
Fri May 01 19:55:40 +0000 2026	RemembermeMeli	0	0	@drpezeshkian اینترنت وصل کن بی وجود هزارتا کارگر بیکار شده نمیخواد اینجا از کارگریت بگی	https://x.com/RemembermeMeli/status/2050303160820908289
Fri May 01 19:37:37 +0000 2026	DanyalNby29081	0	1	🔴 آسوشیتدپرس؛ اقتصاد ایران زیر آوار جنگ\n💢 از تعطیلی گسترده صنایع تا بیکاری و گرانی، فشار اقتصادی به سطحی بی‌سابقه رسیده است.\nسؤال اینجاست:\nاین مسیر به کجا خواهد رسید؟\n🔴 به ما در یوتیوب بپیوندید:👇👇👇\nhttps://t.co/mmCsnFwxmF https://t.co/IRuBxTUTID	https://x.com/DanyalNby29081/status/2050298615151612143
Fri May 01 19:36:08 +0000 2026	maznxvx	0	0	@Alighazizade ج ا ..جنگ را برای فرار از دست مطالبات لشکر بیکاران واسیب دیدکان اقتصادی  میخواهد ..او می داند در جنگ هیچ دستاوردی ندارد..جز خسارات	https://x.com/maznxvx/status/2050298243402047807
Fri May 01 19:30:14 +0000 2026	katayunkhani	3	0	خیلی همه چی عالیه! کار و زندگی و خونه و درامدو سلامت روانمو همه چیمو باهم که از دست دادم هیچ، مهاجرت کرده بودم کیش مجبور شدم برگردم برای این جنگ، دوست پسرمم دیگه داره ولم میکنه:)) همه چیمو باهم باختم:))	https://x.com/katayunkhani/status/2050296759931240859
Fri May 01 19:26:05 +0000 2026	HojabrJale	0	0	#روز_جهانی_کارگر؛ کارگران #ایران در سایه بحران جنگ\n#اول_ماه_مه، روز همبستگی #کارگران جهان، در ایران با سایه سنگین بحران‌های اقتصادی و جنگ همراه شده است. میلیون‌ها کارگر با بیکاری، دستمزدهای ناکافی و نبود امنیت شغلی دست‌وپنجه نرم می‌کنند. این روز، یادآور تداوم مبارزه برای کرامت https://t.co/7YWSQhlr6t	https://x.com/HojabrJale/status/2050295714824020009
Fri May 01 19:20:47 +0000 2026	HojabrJale	0	0	آسوشیتدپرس؛ اقتصاد #ایران زیر آوار جنگ \nگزارش تازه آسوشیتدپرس از #اقتصاد ایران، تصویری نگران‌کننده از وضعیت کشور ارائه می‌دهد.\nاز تعطیلی گسترده صنایع تا بیکاری و #گرانی، فشار اقتصادی به سطحی بی‌سابقه رسیده است.\nسؤال اینجاست:\nاین مسیر به کجا خواهد رسید؟\n#نه_شاه_نه_شیخ https://t.co/6k4gzqJFS8	https://x.com/HojabrJale/status/2050294382092231112
Fri May 01 19:18:42 +0000 2026	pymn297409	0	0	@BetterCall_Unes میشه بگی تو این شرایط، چطور مهاجرت میکنی؟ وقتی سفارت ها بسته هست و اینترنت نیست؟ منم بدونم. شاید کارم راه افتاد	https://x.com/pymn297409/status/2050293853756780881
Fri May 01 19:16:42 +0000 2026	AkbartTarigi	2	2	مریم رجوی :‌اکنون رژیم همان‌گونه که جنگ را به فرصتی برای اعدام رزم‌آوران ارتش آزادی و جوانان شورشگر تبدیل کرده، از شرایط جنگی برای اخراج کارگران و سلب حقوق و آزادی‌هایشان سوءاستفاده می‌کند.\n#اعتراضات_سراسرى\n#مرگ_بر_ستمگر_چه_شاه_باشه_چه_رهبر\n#کارگران	https://x.com/AkbartTarigi/status/2050293351409127475
Fri May 01 19:16:11 +0000 2026	iranhrs99	4	3	روز جهانی کارگر در سایه جنگ و بحران؛ کارگران ایران در خط مقدم فقر، بیکاری و ناامنی\n\nکانون حقوق بشر ایران، جمعه ۱۱ اردیبهشت‌ماه ۱۴۰۵ – در آستانه فرارسیدن #روز_جهانی_کارگر، طبقه کارگر ایران با بحرانی چندلایه و بی‌سابقه روبه‌روست؛\n بحرانی که از هم‌پوشانی #جنگ، فروپاشی اقتصادی، https://t.co/MLMFZRyCRV	https://x.com/iranhrs99/status/2050293224179175542
Fri May 01 19:03:10 +0000 2026	mtphilosophy	704	85	گرانی داره بیداد می‌کنه، اصلا قابل مقایسه با گرانی‌های همیشگی نیست. خیلی‌هایمان بیکار شدیم، من خودم چند ماهه که کار نکردم، اینترنت همچنان قطعه و کسی پاسخگو نیست. مدرسه و دانشگاه در واقع نیست و نابود شده.\nاوضاع حقیقتا به صورت بی‌سابقه وحشتناکه، هیچ امیدی به آینده نیست. ما بدبختیم!	https://x.com/mtphilosophy/status/2050289948142539216
Fri May 01 18:58:38 +0000 2026	Masoud_mountain	8	2	هیچ حرفی جز در مورد اینترنت اهمیت نداره. ۶۳ روزه اینترنت مارو قطع کردن و میلیون‌ها نفر رو بیکار و بی‌پول...	https://x.com/Masoud_mountain/status/2050288804250972400
Fri May 01 18:53:39 +0000 2026	ArashAryanpoori	4	0	@zavosh_ خب بعد از جنگ که وضعیت اقتصادی همین مردم‌چندین برابر بدتر شد. کلی کارگر هم که بیکار شدند! الان جنگ به نظر شما نتیجه خوبی داشت!؟ اینم بگم من اگر ج ا با جنگ بره طرفدار جنگم. ولی الان نه تنها نرفت همه هم بدبختتر شدند.	https://x.com/ArashAryanpoori/status/2050287551450427541
Fri May 01 18:52:50 +0000 2026	omidrasooooli67	7	0	@DoroodianHamed دست فرمان دولت؟!هشتاد درصد تعدیل نیروها ب خاطر قطعی اینترنت و خسارت شرکت های تک و دانش بنیان و فناوری اطلاعات و تولیدمحتوای اینترنتی و غیره هست!!!!قطعی اینترنت دست دولته؟!سفسطه بازی نکنید ادرس غلط ندهید برای خود عڋاب اخرت ب ارمغان نیاورید با این دروغگویی ها و فرافکنی ها و تهمت ها	https://x.com/omidrasooooli67/status/2050287344348020802
Fri May 01 18:52:33 +0000 2026	manaartlov2	15	0	طرف لیترالی اینطوری کرده: یه اکانت ناشناس زده، یه مدت از کون پهلوی اسراییل خورده و فالوئر رو برده بالا، دوماه قبل درست چند روز قبل از جنگ از مرز رفته اونور و توییت هم زده اعلام کرده پناهنده شده چون شناساییش کردن و جانش در خطره. \nبه همین سادگی یه نوبادی بیکار بیسواد مهاجرت می کنه	https://x.com/manaartlov2/status/2050287276081434940
Fri May 01 18:47:20 +0000 2026	DrHanaSharifi	6	1	@SaharMaranlou کارگران زیادی هم در این جنگ هم جنگ ۱۲ روزه کشته شدن یا قطع عضو و بسیاری هم مثل فولاد و پتروشیمی ها در این فقر و بیکاری و تورم کارشون از دست دادن	https://x.com/DrHanaSharifi/status/2050285963666948402
Fri May 01 18:44:23 +0000 2026	IranAzad_TV	13	11	روزجهانی کارگر؛ کارگران ایران در سایه بحران جنگ\nاول ماه مه، روز همبستگی کارگران جهان، در ایران با سایه سنگین بحران‌های اقتصادی و جنگ همراه شده است. میلیون‌ها کارگر با بیکاری، دستمزدهای ناکافی و نبود امنیت شغلی دست‌وپنجه نرم می‌کنند. این روز، یادآور تداوم مبارزه برای کرامت انسانی، https://t.co/o2kfhhD5UK	https://x.com/IranAzad_TV/status/2050285220113645979
Fri May 01 18:43:19 +0000 2026	KhTayebeh50043	2	2	مریم رجوی :‌اکنون رژیم همان‌گونه که جنگ را به فرصتی برای اعدام رزم‌آوران ارتش آزادی و جوانان شورشگر تبدیل کرده، از شرایط جنگی برای اخراج کارگران و سلب حقوق و آزادی‌هایشان سوءاستفاده می‌کند\n#اعتراضات_سراسرى\n#مرگ_بر_ستمگر_چه_شاه_باشه_چه_رهبر\n#کارگران	https://x.com/KhTayebeh50043/status/2050284951816298709
Fri May 01 18:38:55 +0000 2026	IranAzad_TV	16	15	چالش‌های اجتماعی\nآسوشیتدپرس؛ اقتصاد ایران زیر آوار جنگ\n\nگزارش تازه آسوشیتدپرس از اقتصاد ایران، تصویری نگران‌کننده از وضعیت کشور ارائه می‌دهد.\nاز تعطیلی گسترده صنایع تا بیکاری و گرانی، فشار اقتصادی به سطحی بی‌سابقه رسیده است.\nسؤال اینجاست:\nاین مسیر به کجا خواهد رسید؟ https://t.co/uRZhRVZbJS	https://x.com/IranAzad_TV/status/2050283845086286312
Fri May 01 18:35:50 +0000 2026	nargespour2000	1	0	@PahlaviReza غلط میکنی میگی کنار کارگران می ایستی وقتی خودت یکی از اون بی شرفایی هستی که باعث جنگ داخلی وخارجی در ایران شدی و کلی کارگر رو بیکار کردی	https://x.com/nargespour2000/status/2050283067001164134
Fri May 01 18:03:47 +0000 2026	NDane_85	12	0	@PahlaviReza بی همه چیز، به کارگرانی که الان بخاطر جنگ تو و اوباشت بیکار شدند تبریک میگی! امیدوارم به دریوزگی بیفتی	https://x.com/NDane_85/status/2050275002214211657
Fri May 01 17:58:26 +0000 2026	amirebayat	1	0	@Rahbarenghelab_ اکثر این بیکاری ها بخاطر قطعی اینترنته !	https://x.com/amirebayat/status/2050273654957572431
Fri May 01 17:56:12 +0000 2026	Rojava_Rojhelat	0	0	امروز، سایه جنگ ویرانگر با اسرائیل و آمریکا بر سر کارگران سنگینی می‌کند. میلیاردها دلار از دسترنج کارگران به جای نان و زندگی، صرف موشک، پهپاد و ماشین جنگی می‌شود. میلیون‌ها کارگر بیکار شده‌اند. این جنگ، فقر، تورم و بیکاری را بر دوش زحمتکشان سنگین‌تر کرده و معیشت میلیون‌ها خانواده	https://x.com/Rojava_Rojhelat/status/2050273092237500877
Fri May 01 17:46:16 +0000 2026	HKhnky77968	0	0	آقای احمدنیا،کارگران شرکت های پیمانی که با شرکت های فولاد و پتروشیمی ها و سایر شرکت ها ی آسیب دیده از جنگ قرارداد داشته اند، اخراج شده اند یانه؟	https://x.com/HKhnky77968/status/2050270593304436845
Fri May 01 17:42:57 +0000 2026	BeSpringNow	0	0	#مريم_رجوى :\nرژیم همان‌گونه که جنگ را به فرصتی برای اعدام رزم‌آوران ارتش آزادی و جوانان شورشگر تبدیل کرده، از شرایط جنگی برای اخراج کارگران و سلب حقوق و آزادی‌هایشان سوءاستفاده می‌کند.\n#مجاهدین_خلق_ایران #مرگ_بر_ستمگر_چه_شاه_باشه_چه_رهبر	https://x.com/BeSpringNow/status/2050269761519464548
Fri May 01 17:37:08 +0000 2026	Alireza00094778	2	0	@saaIr405 شما از اون پدر سوخته هوایی هستید که تومان به نرخ روز خوردن به د انت مزه کرده .\nشروع جنگ و اعدام جوانان بیکاری گرانی و فلاکت در ایران یک علت دارد و آنهم جمهوری نکبت اسلامی است و بس.\n#DigitalBlackOutIran‌	https://x.com/Alireza00094778/status/2050268296818184626
Fri May 01 17:21:11 +0000 2026	amin_shaigan	4	0	به‌نظر من، برای رسیدن به توافق با رژیم، ترامپ باید چند موضوع را درک کند:\n\n📌 در مقطع فعلی، ادامه‌ی جنگ برای هر دو طرف هزینه‌زا است. درست است که رژیم با تورم بالا، کمبود کالا و بیکاری گسترده ناشی از جنگ روبه‌رو شده است، اما از سوی دیگر، اقتصاد جهانی نیز به‌زودی با اخلال جدی در	https://x.com/amin_shaigan/status/2050264280130257208
Fri May 01 17:14:27 +0000 2026	boozebaz	2	0	@esmaeils1169 آقا مملکت قفل شده موج بیکاری هی داره بزرگتر میشه وضعیت دوستامون که بیکار شدن خیلی ناراحت کننده‌اس نه پس اندازی واسشون مونده نه کاری هست که بتونن انجام بدن حتی اینترنت هم ندارن که یجوری وقتشون رو بگذرونن از خونه هم نمیتونن بیرون بیان چون بیرون اومدن خرج داره اوضاع خیلی فاکداپه.	https://x.com/boozebaz/status/2050262585463767537
Fri May 01 17:07:35 +0000 2026	Alimsani10	2	0	من وقتی میگم اینا اندازه جلبک نمیفهمن\nغلط میکنه کسی بگه نه ، میفهمن\n\nطرف داره میبینه در تمام صنایع چه وابسته چه غیر وابسته به اینترنت اخراج و تعدیل داره صورت میگیره\nبعد میاد میگه هرماه باید حقوقشون زیادشه\n\nخب این چه عقلیه\nکدوم مکتب درس خوندین شما https://t.co/daa7z8xtgc	https://x.com/Alimsani10/status/2050260858358337865
Fri May 01 16:51:25 +0000 2026	sookoot81	0	0	@drpezeshkian اگر واقعا درکی درست از زندگی مردم داشتید انقدر راحت شریک رژیم نمیشدی، خون مردم رو نمیریختی. اینترنت رو فطع نمیکردید و مردم رو بیکار نمیکردید و وارد جنگ نمیشدید.	https://x.com/sookoot81/status/2050256791842504776
Fri May 01 16:40:53 +0000 2026	akbarimanije	0	0	🪓⛏️در این روز جهانی کارگر، پیام  #مريم_رجوى  امید را در دل ما زنده می‌کند.\nرژیم با گرانی، بیکاری، اخراج و قطع اینترنت زندگی‌تان را سیاه کرده، اما شما تنها نیستید.\nپیش به سوی جمهوری دموکراتیک!»\n\n#روز_جهانی_کارگر\n#MayDay\n#InternationalWorkersDay\n#فوری	https://x.com/akbarimanije/status/2050254139662168291
Fri May 01 16:28:50 +0000 2026	yas30Fn	3	0	@sargolestan دقیقا من هم مثل توام\n۳۰ ساله ، از ۲۰ سالگی هدف ام مهاجرت بود ولی وقتی که پازیشن گرفتم جنگ شد🤣\nشاید تو یه زندگی دیگه به آرزوم برسم…	https://x.com/yas30Fn/status/2050251106551235038
Fri May 01 16:26:11 +0000 2026	beyondthewalls2	0	0	روز جهانی کارگر در سایه جنگ و بحران؛ کارگران ایران در خط مقدم فقر، بیکاری و ناامنی\nکانون حقوق بشر ایران\nجمعه ۱۱ اردیبهشت‌ماه ۱۴۰۵\nدر آستانه فرارسیدن #روز_جهانی_کارگر، طبقه کارگر ایران با بحرانی چندلایه و بی‌سابقه روبه‌روست...\n#حقوق_بشر\nادامه خبر https://t.co/i2ygbbfmh8 https://t.co/rd3zt5N8kw	https://x.com/beyondthewalls2/status/2050250440726421989
Fri May 01 16:26:03 +0000 2026	Irankargar_site	0	0	روز جهانی کارگر در سایه جنگ و بحران؛ کارگران ایران در خط مقدم فقر، بیکاری و ناامنی \n کانون حقوق بشر ایران\n جمعه ۱۱ اردیبهشت‌ماه ۱۴۰۵ \n در آستانه فرارسیدن #روز_جهانی_کارگر، طبقه کارگر ایران با بحرانی چندلایه و بی‌سابقه روبه‌روست...\n#حقوق_بشر\nادامه خبر https://t.co/jGDEIzQ3uG https://t.co/vZZUZGDD7o	https://x.com/Irankargar_site/status/2050250405796270229
Fri May 01 16:12:57 +0000 2026	persianchild1	13	3	«پرنسس‌های اوکراینی!!!» بعد از جنگ به چه سرنوشتی دچار شدند؟🇺🇦\n\nاین پستی زن‌ستیزانه‌ نیست. \n\nچون می‌دانم دختران سرزمینم در راه مهاجرت، ادغام، یادگیری زبان و یافتن شغل چه سختی‌هایی کشیده‌اند، چگونه رنج دوری از مادر، خواهرزاده‌ها و اقوام را تحمل کرده‌اند و در مقابلِ مهاجرهای دیگر	https://x.com/persianchild1/status/2050247109849370985
Fri May 01 16:06:56 +0000 2026	iranirate	7	0	@ashkanetoon واقعا هیچی به ذهنم نمیرسه. اگر قرار باشه اینجوری ادامه بدن میرم شهرستان یه استارلینک میخرم و .... شایدم مهاجرت کنم! ولی میدونم بدون اینترنت نمیتونم زندگی کنم!!	https://x.com/iranirate/status/2050245595260924016
Fri May 01 16:06:14 +0000 2026	piroozmora93628	1	0	@Navid2019 تبریک تنها کافی نیست. کارگران ایران زیر فشار گرانی، بیکاری و جنگ اقتصادی له شدن. تنها راه رهایی، سرنگونی این رژیم و برقراری جمهوری دموکراتیک است.  #روز_جهانی_کارگر #MayDay #FreeIran	https://x.com/piroozmora93628/status/2050245419783901654
Fri May 01 15:57:58 +0000 2026	tribuneazad2025	8	6	سهم کارگر جوان ۲۱ساله #ساسان_آزادوار  از زیست در ایران آخوند زده  نمونه گویایی از وضعیت کارگران در نظام استثمارگرانه حاکم است.سهم کارگر از این جنگ خانمان‌سوز یا بیکاری و گرسنگی است یا زندان و اعدام https://t.co/unoesEKtwP	https://x.com/tribuneazad2025/status/2050243338637361226
Fri May 01 15:56:22 +0000 2026	HKhnky77968	1	0	شرکت های پیمانکاری  نیروی انسانی شرکت های فولاد و پتروشیمی و غیره که در این جنگ آسیب دیدند ،کارگران خود را اخراج کرده اند!!شما مساله رو حل نکردید!صورت مساله رو پاک کردید!حاجی به شما آدرس اشتباه دادن،کلی کارگر توسط شرکت های پیمانکاری اخراج شده اند!کارگر جمع شده نه شرکت پیمانکاری!	https://x.com/HKhnky77968/status/2050242936198008973
Fri May 01 15:56:03 +0000 2026	sina_a1	4	0	برنامه امسال رو متاسفانه نتونستم برم… \nبرای حمایت از تمامی کارگران و افراد بیکار شده بخاطر جنگ اخیر که زندگی‌شون سر سیاست‌های کثیف جمهوری اسلامی مختل شده و همینطور برای همه کسانی که در اعتراض به گرونی در دی‌ماه به قتل رسیدن…\n#نه_به_جمهوری_اسلامی \n #روز_جهانی_کارگر	https://x.com/sina_a1/status/2050242855243845812
Fri May 01 15:54:22 +0000 2026	Nasriiiiin98	0	0	@irani_65 با دلار 180تومنی میتونین ورزش کنین؟؟؟؟؟؟،\nانگاری شیتیل خوبی میگیرین واسه عر زدن چون ماها ک تَن به حقارت نمیدیم مث شماها تو قسط وام و هزینه زندگیمون موندیم و بیکار شدیم بخاطر قطعی اینترنت..خیلی بیشرفید واقعا	https://x.com/Nasriiiiin98/status/2050242431988228529
Fri May 01 15:53:18 +0000 2026	Siasif_1	0	0	@Nil_abi0 بله دقیقا ، کار و زندگی طرف کلا با اون میچرخه و اگر اون سایت با اخلال مواجه بشه کلی ضرر میکنه\nنمونه شم دیجیکالاست که وقتی اینترنت قطع شد افت شدیدی کرد و اومد حدود ۲۰۰۰ تا از کارکنانش رو اخراج کرد	https://x.com/Siasif_1/status/2050242165700177974
Fri May 01 15:47:40 +0000 2026	A_Z_for_Women	13	2	جنگ و قطع اینترنت سبب\nتعدیل هزاران کارخانه،\nخاموشی صدها هزار آنلاین شاپ،\nو بیکاری میلیون ها نفر در ایران شده است. \nامروز در روز کارگر حتی مانند سالهای دیگه اجازه تظاهرات و تحصن هم ندارند. \nلعنت بر جمهوری اسلامی و فرقه صادراتی اش که فعالیت مدنی عادی رو هم از کارگر گرفت\n#سطلی_سپاهی	https://x.com/A_Z_for_Women/status/2050240747429855380
Fri May 01 15:36:02 +0000 2026	FarokhNotes	821	62	میلیون‌ها نفر بیکار شدن، کسب‌وکارها نابود شدن…\nاما اینا اینترنت رو حاضر نشدن برای مردم خودشون باز کنن.\n\nاین لکه‌ ننگ توی تاریخ می‌مونه.	https://x.com/FarokhNotes/status/2050237818165698811
Fri May 01 15:23:18 +0000 2026	PJ_Four4	1	0	@honar1401 @mikesmith131724 @Bardia_A2 من هر ۷ ۸ ماه یبار میرم ایران،۵ تا از ۶تا دوست نزدیکم بعد جنگ بیکار شدن!یکیشون ورشکسته شد!کی به شما گفته مردم ایران جنگ میخوان؟کسی که ۵ سال یا ۱۰ سال خارج کشور وتهش تفریحی یبار میره ایران چه درکی از داخل جامعه ایران داره؟کدومشون کار و زندگی وسط اروپا ول میکنن میرن ایرانِ جنگ زده؟	https://x.com/PJ_Four4/status/2050234613746770425
Fri May 01 15:01:00 +0000 2026	peyk67839274	3	1	جنگ برای شما پروژه است،برای طبقه کارگر، ویرانی،فقر و بیکاری است.	https://x.com/peyk67839274/status/2050229002116198769
Fri May 01 15:00:55 +0000 2026	tabaluga_tabalu	3	0	مدام میبینم امروز جنگ میشه فردا جنگ میشه\n\nسوالم اینه که امریکا کسخوله که دوباره اول حمله کنه وقتی با همین محاصره و لشکر بیکار شده ها و وضعیت ارز داره پدر مملکتو در میاره ؟\n\nاین چیزایی ام که اورده برا اینه که اگه ایران قاطی کرد حمله کرد دفاع کنه و جواب بده.\n\nتحلیل های آبدوخیاری 🤣	https://x.com/tabaluga_tabalu/status/2050228981698376107
Fri May 01 14:58:31 +0000 2026	negin_behkam	1	0	۴- حداقل دستمزد هم شامل بسیاری از کارگران، به ویژه کارگران زن نمی‌شود. درباره کارفرمایانی که با سو استفاده از شرایط به وجود آمده در پی جنگ، کارگرانشان را مجبور می‌کنند یا با نصف دستمزد کار کنند یا اخراج شوند. \nو تلاش شد برای مخاطب آلمانی چپ‌گرا شفاف‌سازی شود، که ج ا. اگرچه در	https://x.com/negin_behkam/status/2050228379299815462
Fri May 01 14:58:30 +0000 2026	negin_behkam	2	0	۲- سرکوب طبقهٔ کارگر، برخورد با تشکل‌های مستقل و همین‌طور پیامدهای جنگ برای کارگران. \nتلاش شد در این مصاحبه ساختار دولتی خانه کارگر، مستقل نبودن شوراهای اسلامی کار و زیر فشار شدید بودنِ معدود تشکلات کارگری و صنفی برای مخاطب آلمانی تشریح شود. \nبه وضعیت بیکاری گسترده و تشدیدش	https://x.com/negin_behkam/status/2050228373016768799
Fri May 01 14:56:01 +0000 2026	Mortaza_talayi	37	13	همون دولتی که کوبا رو محاصره، اس.رائیل رو مسلح، ونزوئلا رو تحریم، چین رو تهدید، و کره زمین رو با پایگاه‌های نظامی احاطه کرده، طبقه کارگر خودشو نیز با بدهی، اخراج، زندان، بی‌ثباتی و ترس تنبیه می‌کنه\n\nبدهی آمریکا برای اولین بار از جنگ جهانی دوم از ۱۰۰٪ تولید ناخالص داخلی فراتر رفت! https://t.co/s8kNac9zT3	https://x.com/Mortaza_talayi/status/2050227750674346182
Fri May 01 14:33:56 +0000 2026	OpenmindAvenue	2	0	@Bardia_A2 @Mohamma39588688 احمق جون  «وضعیت» یعنی چی؟ یعنی تورم، بیکاری، بی عدالتی مالی، در نتيجه فقر و ناامیدی. کدوم یکی از اینها با جنگ بهتر میشه؟ نابودی زیرساخت‌ها وضع کاری مردم و اقتصاد کشور رو بهتر میکنه؟	https://x.com/OpenmindAvenue/status/2050222191208284521
Fri May 01 14:30:18 +0000 2026	lolivash33	4	0	@alipour_ltd از کانادا مهاجرت کردم دبی ، اولش یعنی دو هفته اول بد نبود ، دیدم بابا همش فیک بود تو طول چهار هفته کاسبی فهمیدم اینجا به گاییه جنگ اول شروع شد دیدم بابا اینا اصلا بدون ایران اب نمیتونن بخورن جمع کردم سریع برگشتم و بزرگترین تحربه زندگیم و بدست اوردم مباد که گدا معتبر شود	https://x.com/lolivash33/status/2050221275646202305
Fri May 01 14:25:30 +0000 2026	Joolsie641725	0	0	@mehdi_tayebii گرانی ، تورم ، کمبود دارو ، نداشتن حقوق شهروندی،  قتل عام ، کمبود و نبود مراکز درمانی ، نبود و کمبود بیمه ، قطعی اینترنت ، نظام آموزشی وحشتناک،  بی ثباتی ، جنگ ، میلیون‌ها نفر زیر خط فقر ، بیکاری ، ارزش پول ملی زیر خد پهن ، با این اوصاف فقط کس ننت شکوفا شده	https://x.com/Joolsie641725/status/2050220067716014120
Fri May 01 14:08:58 +0000 2026	twfanghlam	2	2	موج اخراج کارگران در سایه تعطیلی واحدهای صنعتی\nرسانه حکومتی تابناک مینویسد: « اخراج کارگران در شرایط فعلی، به‌ویژه در بحبوحه بحران‌های اقتصادی و جنگ، موج گسترده‌ای از تعدیل نیرو را در صنایع مختلف از جمله معادن و نساجی ایجاد کرده است.\n#روز_جهانی_کارگر \n#نه_شاه_نه_شیخ https://t.co/gCcZupCI6q	https://x.com/twfanghlam/status/2050215910913311143
Fri May 01 14:05:31 +0000 2026	nima32861290	1	1	مریم رجوی: پیام به‌مناسبت #روز_جهانی_کارگر\n\n▫️اکنون رژیم همان‌گونه که جنگ را به فرصتی برای اعدام رزم‌آوران ارتش آزادی و جوانان شورشگر تبدیل کرده، از شرایط جنگی برای اخراج کارگران و سلب حقوق و آزادی‌هایشان سوءاستفاده می‌کند.\n#کانونهای_شورشی https://t.co/hcwdYGDUyA	https://x.com/nima32861290/status/2050215040498663808
Fri May 01 14:04:46 +0000 2026	petrosaeed	0	0	@Alighazizade احمق اینترنت قطعه\nتوام چقدر بیکاری	https://x.com/petrosaeed/status/2050214851000111213
Fri May 01 13:59:48 +0000 2026	mhashemi85	5	0	نمیشه در مورد نسبت تاثیر قطعی اینترنت روی بیکاری در مقایسه با اثر جنگ روی بیکاری‌ها به طور قطعی اظهارنظر کرد، چون در حال حاضر انقدر کسب‌و کارها به خاطر جنگ و حمله به زیرساخت‌ها آسیب دیدند که معلوم نیست اگر حتی اینترنت هم وصل باشه چقدر از شغل‌های از دست‌رفته جبران بشه.	https://x.com/mhashemi85/status/2050213601323917321
Fri May 01 13:56:32 +0000 2026	IranIntl	11	2	در تقویم جهانی، اول ماه مه روز یادآوری حق کار، کرامت نیروی کار و سهم کارگران در ساختن جهان است؛ اما در ایران، این روز در سایه جنگ، تورم و گسترش بیکاری فرا می‌رسد. https://t.co/GK6R3qv07n	https://x.com/IranIntl/status/2050212781941481649
Fri May 01 13:55:29 +0000 2026	mhashemi85	0	0	@mry__mlk اینترنت قطعاً موثر بوده ولی نمیشه گفت تاثیر قطع اینترنت روی بیکاری زیاد بوده یا جنگ	https://x.com/mhashemi85/status/2050212513900331459
Fri May 01 13:47:29 +0000 2026	tarannom_72	0	0	سفیدشویی جنگ بطور علنی توسط #ویدا_ربانی\n-این دو ریالی اینجا باشه چون شک ندارم دربه در مهاجرته و درآمدش هم با تتر هست و الان داره برای #موساد دم تکون میده.\nاین بدبخت هارو و روابط شونو تو ایران کامل رصد کنید. https://t.co/cBmLuqzHOM	https://x.com/tarannom_72/status/2050210504304390614
		0	0		https://x.com/unknown/status/
Fri May 01 13:45:13 +0000 2026	ar1347	4	0	@ali_ahmadnia @emahpour بدون وارد شدن در مورد خاص فولاد مبارکه و تعدیل نیرو که اطلاعی ندارم، فکر نمیکنید اگر خود کارکنان، خانواده دور و نزدیکشان اینجا حضور داشتند و واقعیت را بیان میکردند از جواب یک نفره شما بسیار مؤثرتر میبود.\nاینترنت لعنتی را برای همه و بدون هیچگونه فیلتر باز کنید.	https://x.com/ar1347/status/2050209932297814222
Fri May 01 13:33:56 +0000 2026	AhmadnajadF	1	1	اکنون رژیم همان‌گونه که جنگ را به فرصتی برای اعدام رزم‌آوران ارتش آزادی و جوانان شورشگر تبدیل کرده، از شرایط جنگی برای اخراج کارگران و سلب حقوق و آزادی‌هایشان سوءاستفاده می‌کند.\n#مريم_رجوى #روز_جهانی_کارگر https://t.co/aAgSRadAzw	https://x.com/AhmadnajadF/status/2050207092183581028
Fri May 01 13:33:24 +0000 2026	iranmonitor_org	0	0	فوری: رئیس خانه کارگر: ۱۳۰ هزار شغل مستقیم در جنگ از دست رفت؛ موج جدید اخراج در راه است\n\nعلیرضا محجوب، دبیرکل خانه کارگر، در روز جهانی کارگر هشدار داد که موجی از تعدیل نیرو و اخراج در پیش است و گزارش‌های رسیده را «فراتر از انتظار» توصیف کرد. او اعلام کرد که در جریان حملات نظامی https://t.co/FidxFsUTiL	https://x.com/iranmonitor_org/status/2050206956430795162
Fri May 01 13:31:11 +0000 2026	dontcareandknow	11	0	@thejoey_T گزاره جمهوری اسلامی با چیزی جز جنگ نمیره توی دو ماه گذشته رد شد. جنگ شد و جمهوری اسلامی به قوت خودش باقیه.\nدستاوردی که توی دو ماه گذشته داشتید چی بود؟ منظورم حسن کچل، کچل حسن نیست. چه تغییر ساختاری، قانونی و عملی رخ داده؟ هیچی. فقط دلار گرون‌تر شده، بیکاری و تورم بیشتر شده.	https://x.com/dontcareandknow/status/2050206400479969447
Fri May 01 13:24:08 +0000 2026	omid2024134098	1	2	#مريم_رجوى  : پیام به‌مناسبت #روز_جهانی_کارگر\nاکنون رژیم همان‌گونه که جنگ را به فرصتی برای اعدام رزم‌آوران ارتش آزادی و جوانان شورشگر تبدیل کرده، از شرایط جنگی برای اخراج کارگران و سلب حقوق و آزادی‌هایشان سوءاستفاده می‌کند.\n#Iran https://t.co/5cw6PrCYSM	https://x.com/omid2024134098/status/2050204625551110373
Fri May 01 13:08:05 +0000 2026	timasocializes	1	0	✍️ من یک دانشجوی بیکارم که فقط با سیستم و  اینترنت سر و کار داشتم و همونم ۴ ماهه دیگه ندارم و حتی دانشجوی بیکار هم نیستم. فقط متوقف و معطل ام. هیچ کس و هیچ چیز دیگری نیستم. هیچ. هیچ. هیچ.	https://x.com/timasocializes/status/2050200587912773971
Fri May 01 12:52:07 +0000 2026	ghghgh1974	1	0	@Babak_mohasel @about_mariash این درباره تورم هست\nمیگه وقتی با کویت حمله کرد و جنگ آمریکا شروع شد\nو میگه مشکل الان تورم نیست و بیکاری و فساد مشکل بزرگتریه	https://x.com/ghghgh1974/status/2050196570386092325
Fri May 01 12:46:37 +0000 2026	pedar_zhepeto	0	0	@FarsNews_Agency اسرائیل در هر دو جنگ ۱۲ روزه و جنگ دوماهه شکست خورد. \nفقط نمیدونم چرا هنوز ما اینترنت نداریم، ما بیکار شدیم، رهبران و فرماندهان ما یا کتلت یا کُلمنْ شدن. \nچند صد میلیارد خسارت خوردیم. فولاد و پتروشیمی ما ترکید.\n\nاما اسرائیل یک فرمانده کشته هم نداشت!!!	https://x.com/pedar_zhepeto/status/2050195186731335793
Fri May 01 12:46:33 +0000 2026	MohsenTaheri_8	1	0	#جنگ روی مشاغل و قیمت #دلار و #سکه اثر زیادی داشته ولی این میزان از تعدیل نیرو و قیمت ارز و طلا مشخصا به دلیل جنگ نیست. اگر هدف  جبران خسارات و خلاهای مالی کشوره، لطفا با مردم حرف بزنید. اگر هدف منفعت شخصی و قرار دادن چوب لای چرخ نظام و مردمه، مردم با مادرتون حرف بزنن.	https://x.com/MohsenTaheri_8/status/2050195169161412906
Fri May 01 12:40:24 +0000 2026	HosseinAbshar	0	0	@drpezeshkian کسب‌وکارها در حال نابودی‌اند؛ تعدیل نیرو هر روز بیشتر می‌شود. اینترنت یک نیاز لوکس نیست، ستون حیاتی اقتصاد و زندگی مردم است. بی‌توجهی به آن یعنی آسیب مستقیم به معیشت مردم.\n#سیم_کارت_پرو\n#بی_عدالتی\n#تبعیض	https://x.com/HosseinAbshar/status/2050193621626786221
Fri May 01 12:16:12 +0000 2026	PooyanMoghadasi	0	0	۴\nبه صورت مستقیم و غیرمستقیم تحت تاثیر قرار داده و آنان را دچار بیکاری و فقر و بی‌فردایی‌یی نامعلوم و فزاینده کرده است.\nآرام‌آرام و با باز شدن قطره‌چکانی اینترنت، ابعاد فاجعه‌بار بیکاری‌های پس از جنگ به‌گوش می‌رسد، بیکاری و فقر دامنه‌داری که تداوم و گسترشش می‌تواند...	https://x.com/PooyanMoghadasi/status/2050187528452407574
Fri May 01 12:14:41 +0000 2026	Somayeh1749173	2	0	@liberta2023 فقر و بیکاریِ بعد از زدن پتروشیمی و فولاد و صنایع و ...‌ از عواقب جنگه که تازه‌ داره اوج میگره.\nبه نظرم چند ماه بعد تازه عمق فاجعه معلوم میشه.	https://x.com/Somayeh1749173/status/2050187148087730327
Fri May 01 12:06:07 +0000 2026	HajNooredin	270	13	وضع درآمد و معیشت بحرانیه!\nعملاً کار نیست! کار پیدا بشه درآمدش کفاف نمیده!\nدر میانه‌ی جنگ از جریان زندگی روایت میکردم اما در این آتش‌بس وقتی روزی ۱۰ تومن میره ر‌وی دلار و دوستان اطرافم بیکار شدند و چشم‌انداز مشخصی نیست، نمیدونم اصلا در این فضا نوشتن فایده‌ای داره یا نه!	https://x.com/HajNooredin/status/2050184991707890080
Fri May 01 11:44:11 +0000 2026	viewernama	0	0	@Mohamma35030389 @DoroodianHamed درصد زیادی از بیکاری به دلیل قطعی اینترنته. همون اینترنتی که با هزینه گیگی ۲۰۰-۳۰۰ هزارتومن در دسترسه	https://x.com/viewernama/status/2050179473883193608
Fri May 01 11:22:43 +0000 2026	stevejobssgirl	11	0	@sina8013 الان یکی میاد منشن می‌ده ما لبه‌ی تکنولوژی جهان بودیم با رتبه‌ی ۱۶ از شریف و مهاجرت کرده ولی جنگ طلب‌ها بگا دادن همه چیو =))))	https://x.com/stevejobssgirl/status/2050174070809833720
Fri May 01 11:16:10 +0000 2026	mlast121unicorn	1	0	@Entekhab_News مردم اینترنت میخوان\nته خونه که نشستن از بیکاری و بی پولی \nلااقل قبلا به نت یه سق میزدن که همونم دیگه نیست	https://x.com/mlast121unicorn/status/2050172422255452609
Fri May 01 10:54:05 +0000 2026	LionAndSun_News	1	1	من این موضوع را ساعت گذشته مطرح کردم: ربکا، مؤسسه مطالعه جنگ گفته است که نهادهای امنیتی ایران درباره فراخوان‌های احتمالی اعتراض ابراز نگرانی کرده‌اند و برآورد می‌کنند که وخامت شرایط اقتصادی، مانند تورم، بیکاری و افزایش قیمت‌ها، می‌تواند دوباره ناآرامی ایجاد کند. دوباره می‌پرسم https://t.co/x03iCZuc4Z	https://x.com/LionAndSun_News/status/2050166863225643496
Fri May 01 10:52:39 +0000 2026	ElahehErfanian	0	0	@amirtanha1358 @vahidMehrabann @amirtanha1358 اولویت چندم چیه مرد حسابی؟! چون برای تو مهم نیست و با سیمکارت سفید میای شده الویت چندم؟! عقلت نمیرسه که چندهزار نفر به خاطر اینترنت بیکار شدن؟! میدونی این حجم از بی‌کاری چه فاجعه‌ای برای مملکت ایجاد میکنه؟ میفهمی امنیت رو هم به خطر میندازه؟ تو فهم نداری.	https://x.com/ElahehErfanian/status/2050166503622734217
Fri May 01 10:40:59 +0000 2026	IranIntl	4	3	همزمان با روز جهانی کارگر و تشدید بحران‌های اقتصادی و معیشتی در ایران، شماری از شهروندان در پیام‌هایی به ایران‌اینترنشنال از پرداخت نشدن یا کاهش حقوق، قراردادهای کوتاه‌مدت، تعدیل نیرو و قطعی اینترنت در کشور شکایت کردند.\n\nگفت‌وگو با محسن مهیمنی، عضو تحریریه ایران‌اینترنشنال https://t.co/Uimc5ecxku	https://x.com/IranIntl/status/2050163568662777907
Fri May 01 10:18:01 +0000 2026	farahnaz2019935	0	0	@IranIntl بیکار نیستند‌. بی وقفه اعدام می کنند و از آن طرف برای شروع مجدد جنگ تجدید قوا می کنند . اینها ذاتا جنگ طلب هستند.	https://x.com/farahnaz2019935/status/2050157788593307844
Fri May 01 10:07:11 +0000 2026	leader_ekhtesha	1	0	@IsraelPersian 47 سال مردم آزادانه اینترنت استفاده کردن شما بی ناموس ها با گروگان گیری اینترنت باعث بیکاری مردم شدید چرا چون جنگی را به راه انداختید که الان یه دنیا شدند گروگان این جنگ	https://x.com/leader_ekhtesha/status/2050155062589116604
Fri May 01 10:01:55 +0000 2026	tayaz	4	1	برخی از اینها طرفداران طبقه‌ی مرفه و متوسطی هستند که هیچ  ارزشی برای طبقات پایین‌تر که به قول تو در پی این جنگ بیکار شدند، ندارند. اساسا دغدغه‌شون  نیست. کمااینکه همین تحلیل هم اشتباست چون اینترنت هم‌اینک اساسا یه کالای صرفا لوکس دیگه نیست	https://x.com/tayaz/status/2050153736329138306
Fri May 01 10:01:20 +0000 2026	tayaz	1	0	@amirhmosalla برخی از اینها مصلا، طرفداران طبقه مرفه و متوسطی هستند که هیچ  ارزشی برای طبقات پایین‌تر که به قول تو در پی این جنگ بیکار شدند، ندارند. اساسا دغدغه‌شون  نیست. کمااینکه همین تحلیل هم اشتباست چون اینترنت هم‌اینک اساسا یه کالای صرفا لوکس دیگه نیست	https://x.com/tayaz/status/2050153589717229950
Fri May 01 09:55:55 +0000 2026	DanyalNby29081	0	1	🔴 جنگ و بحران؛ معیشت کارگران در ایران؟\n💢 گفتگو تلویزیون ایران آزادی با آقای دکتر سینا دشتی\nبررسی ابعاد واقعی بحران معیشت و بیکاری کارگران در ایران را بررسی می‌کند.\n🔴 به ما در یوتیوب بپیوندید:👇👇👇\nhttps://t.co/2Hk9U5ZP9z https://t.co/vSpOKXSI9y	https://x.com/DanyalNby29081/status/2050152226690101357
Fri May 01 09:46:16 +0000 2026	MKhoshvaght	41	5	در جنگ و پس از آن، #وحدت_ملی حول محور ایران(بدون هرگونه افزوده) شرط حیاتی پیروزی و حفظ امنیت و منافع ملی است. لازمه پایایی این شرط، فراخوان همه ایران دوستان دلسوز، با هر شکل و سلیقه و ظاهر و مذهبی، برای مدیریت و خدمت به #ایران_بزرگ است؛ تندروهای هزینه ساز را از میدان اخراج کنید!	https://x.com/MKhoshvaght/status/2050149798934704389
Fri May 01 09:46:14 +0000 2026	ahmadroshan654	0	0	«اکنون رژیم همان‌گونه که جنگ را به فرصتی برای اعدام رزم‌آوران ارتش آزادی و جوانان شورشگر تبدیل کرده، از شرایط جنگی برای اخراج کارگران و سلب حقوق و آزادی‌هایشان سوءاستفاده» می‌کند.\n#روز_جهانی_کارگر    #نه_شاه_نه_شیخ\n#آری_به_جمهوری_دمکراتیک	https://x.com/ahmadroshan654/status/2050149789950504979
Fri May 01 09:35:23 +0000 2026	ghghgh1974	1	0	@FarokhNotes اینهمه مردم گفتن جنگ باعث میشه همه چی رادیکال تر بشه و تا جنگ هست مطالبه ای هم نمیتونه انجام بشه ولی در عوض به مشت عوضی گفتن جنگ بشه حکومت میفته. حکومت نیفتاد، دو میلیون بیکار، میلیارد ها دلار خسارت از جیب مردم و چند هزار زن و مرد و بچه بیگناه کشته شد. دنبال مبارزه مدنی میگردی ؟	https://x.com/ghghgh1974/status/2050147061169897751
Fri May 01 09:12:28 +0000 2026	iwscouncil	1	1	❗️اول ماه مه: علیه جهانی که کودکان را به کار می‌کشد\n\nامروز در شرایطی به خیابان می‌آییم که جنگ، بحران، بیکاری، فقر و تورم افسارگسیخته، زندگی و آینده کارگران و کودکان را به مرز فروپاشی کشانده است. این وضعیت نه تصادفی است و نه اجتناب‌ناپذیر؛ 👈 https://t.co/TqHVk3PHSA	https://x.com/iwscouncil/status/2050141290956812656
Fri May 01 08:58:55 +0000 2026	pedramkhan70	0	0	@jalaalvand راحت بین پنج الی هفت میلیون نفر در طی این جنگ بیکار شدند\nفقط ده میلیون نفر شغل وابسته به اینترنت داشتند	https://x.com/pedramkhan70/status/2050137881474187497
Fri May 01 08:56:00 +0000 2026	hamedbd	18	0	دیشب هم دورهمی انجمن صنفی طراحان گرافیک بود تو خانه هنرمندان، به بهانه هفته گرافیک که برخلاف هر سال، برگزار نشد. آدم‌ها خوشحال بودن که بعد از مدتها همدیگه رو می‌بینن و به آغوش می‌کشن. ته چهره خیلی‌ها غم بود، بیکاری و‌ قطع اینترنت فشار زیادی اوورده بود و‌ از هم می‌پرسیدن چی می‌شه؟	https://x.com/hamedbd/status/2050137146556612965
Fri May 01 08:30:55 +0000 2026	amirhmosalla	40	4	یه سوال؛\nکسانی که از بمباران زیرساخت‌ها که باعث جان باختن و بیکاری غیر نظامیان شد، حمایت کردند یا در قبال این جنایت جنگی سکوت کردند، صلاحیت و دغدغه این را دارند که از قطعی اینترنت و سیمکارت سفید انتقاد کنند؟! انگار حامیان سرکوب دی ماه از جلیقه زردها در فرانسه حمایت کنند!	https://x.com/amirhmosalla/status/2050130835655782781
Fri May 01 08:24:52 +0000 2026	Royal77d	1	0	@14bandari @AzadehKhorasan عجب :) از تمام دنیام میتونن بیان ببینن؟ اینترنت هست که مردم خود داخل ایران در جریان قرار بگیرن؟ اونقدر وضع مردم ایده آل هست که در این جشنواره های رقص ایرانی شرکت کنن و بزنن و برقصن مرد و زن و کودک و پیر بدون ترس از پوشش و از دست دادن شغل و آبروی خانوادگی	https://x.com/Royal77d/status/2050129313194762426
Fri May 01 08:15:17 +0000 2026	mmaattiinnn	1	0	جاکش، اینترنت رو باز کن.\nمردم بیکار شدند. پدر مادرها بی خبر از بچه ها شدند. بچه ها سرگرمیشون رو از دست دادن. آنلاین شاپ ها تعطیل شدند. خیلیا یادگیریشون رو از دست دادند. پات رو بردار از روی گلوی ملت.\n\n#DigitalBlackOutIran‌	https://x.com/mmaattiinnn/status/2050126900970836424
Fri May 01 08:07:35 +0000 2026	AbolfazlDastbaz	1	0	@aminmeymandian1 @RashidpourReza شما دلقک درباری، حرف از بچه های معصوم ایران در میناب نزنید. اینکه عده زیادی به خاطر قطع اینترنت جهانی بیکار شدند و امثال بی مصرف هایی مانند شما با سیم‌کارت سفید مشغول جولان دادن در این فضا هستید، از طنز های تلخ دوران هست. یادمون نمیره اهانت هاتون به باقری و رشید ...\n#دیوث_سیاسی	https://x.com/AbolfazlDastbaz/status/2050124965219868864
Fri May 01 07:50:22 +0000 2026	wolfieely	9	0	اینترنت میخوام چون ۳ ماهه بیکارم :)) همینجوری بیکار بمونم ممکنه خودمو از یه جا پرت کنم🤝🏼	https://x.com/wolfieely/status/2050120631774052861
Fri May 01 07:47:36 +0000 2026	pirahamd19139	11	4	جنگ بد است \nزندگی  زیر سایه اخوند بدتر است \nزندگی بدون اینترنت بدتر است \nزندگی با دلار 180 هزار تومانی بدتر است \nزندگی با ترس بیکار شدن بدتر است \nزندگی با ........... بدتر است \n#جاويدشاه‌	https://x.com/pirahamd19139/status/2050119934798135504
Fri May 01 07:40:10 +0000 2026	A_pico2	0	0	@abornaei @siaaus این نمونه آرام جامعه ایرانه اگه بین مردم ایران بودی مردمی که درگیر حکومتی هستن که برای تفریح هر شب ده ها نفر رو اعدام میکنه و جنگ طلبه و مذاکره نمیکنه و تورم و بیکاری و بدبختی رو به اوجش رسوند و بخوای از پهلوی یا هرکسی که ربطی به اتفاقات نداره بگی قطعا ریز ریزت میکردن😁	https://x.com/A_pico2/status/2050118062691541478
Fri May 01 07:23:57 +0000 2026	oshida_1399	0	0	یک دست لحاف و تشک برای خوابیدن در نانوایی و یک دست لباس کاراته برای ورزش؛\nسهم کارگر جوان ۲۱ساله جونقانی از زندگی که در زندان دستگرد اصفهان مرگ نصیبش شد.\nسهم کارگر از این جنگ خانمان‌سوز یا بیکاری و گرسنگی است یا زندان و اعدام در سکوت و وحشت از آغاز دوباره جنگ\n#ساسان_آزادوار https://t.co/cugJPgiZkn	https://x.com/oshida_1399/status/2050113985031131564
Fri May 01 07:09:31 +0000 2026	MehestanSecular	4	2	اخراج و بیکاری میلیون‌ها نفر در شرایط جنگ و قطع اینترنت؛ ابَر بحرانی زیر سایه بی‌تفاوتی مقامات جمهوری اسلامی https://t.co/FDZZu9eN1e	https://x.com/MehestanSecular/status/2050110349534237113
Fri May 01 07:02:19 +0000 2026	amir2091	0	0	@Javidtam اول اینکه من در ایرانم \nدوم اینکه تمام صنایعی که زدن مجموعا 100 هزار آدم رو هم درگیر نمیکنه. قطع اینترنت مستقیم معیشت 10 میلیون نفر رو نشونه گرفته و بیش از 5 میلیون نفر بیکار شدند ( مطابق آخرین آماری که وزیر ارتباطات اعلام کرده) \nسوم اینکه تو شرایط عادی من حتی دایرکت چهارتا کم	https://x.com/amir2091/status/2050108536865144957
Fri May 01 06:37:53 +0000 2026	citizen1404	0	0	@hayleymshll این اخراجها یکی از عواقب مستقیم جنگ. چشم جنگ طلبها روشن!	https://x.com/citizen1404/status/2050102389563129954
Fri May 01 06:35:18 +0000 2026	ANN_Breaking1	0	0	بحران اینترنت در ایران: خطر بیکاری گسترده برای ۱۰ میلیون نفر در ایران\nادامه‌دار بودن قطع اینترنت در ایران به‌طور مستقیم معیشت و امنیت شغلی حدود ۱۰ میلیون نفر را تهدید می‌کند و پیامدهای اقتصادی و اجتماعی گسترده‌ای ایجاد کرده است.\n#Iran #Internet #فارس https://t.co/44wN6IfzAn	https://x.com/ANN_Breaking1/status/2050101739928309812
Fri May 01 06:30:04 +0000 2026	zanzanza6789	3	0	@aghplt @ma_tabaa @alirezasfn1 آقای قلهکی دیروز همکلاسی من سر کلاس گریه کرد جلوی استاد و ۳۴ تا دانشجو دیگه\nچون معلمه ۲۰ تومن حقوقشه، همسرش رو اخراج کردن،۱۲ تومن اجاره خونه داره دو تا بچه. با ۸ تومن چطوری زندگی کنه؟ همسرش کار پیدا نمیکنه . ما از جنگ نمی‌ترسیم از بی مسولیتی همین مسولین می‌ترسیم.	https://x.com/zanzanza6789/status/2050100421851529710
Fri May 01 06:27:55 +0000 2026	janvaljaan	0	0	اگر زمانی که فراخوان اعتصاب صادر می‌شه بهش نپیوندید اثر پروانه‌ایش می‌شه جنگ و تحریم و رکود اقتصادی و تعدیل و بیکاری\nاگر وقتی شکمتون سیره برای سیری گرسنگان اقدامی نکنید به تدریج شما هم وارد صف گرسنگان می‌شین\nبعد از ۱۸و۱۹ دی اونی که چشم بر جنایت ج‌ا بست و سعی کرد زندگی عادیش 👇	https://x.com/janvaljaan/status/2050099880417210409
Fri May 01 06:17:18 +0000 2026	m_a_rj	19	0	دسته اول هیچ هزینه ای در ادامه جنگ نمیده و هزینه به مردم داخل ایران تحمیل میشه. دسته دوم اصلا تحمیل هزینه به هیچ جاش نیست ولی چون داخل ایران هست کشته شدن و ویرانی و قطع احتمالی برق و … رو در کنار بقیه تحمل میکنه. ولی قربانی اصلی ما مردم ایران هستیم که وسط فقر و بیکاری و	https://x.com/m_a_rj/status/2050097210193244359
Fri May 01 06:16:20 +0000 2026	shahin_payvar	11	10	#مريم_رجوى: پیام به‌مناسبت #روز_جهانی_کارگر\n\n▫️اکنون رژیم همان‌گونه که جنگ را به فرصتی برای اعدام رزم‌آوران ارتش آزادی و جوانان شورشگر تبدیل کرده، از شرایط جنگی برای اخراج کارگران و سلب حقوق و آزادی‌هایشان سوءاستفاده می‌کند. https://t.co/NYKNnGKfDy	https://x.com/shahin_payvar/status/2050096965745033535
Fri May 01 06:08:34 +0000 2026	RezaRanjbar1405	3	2	مریم رجوی: پیام به‌مناسبت #روز_جهانی_کارگر\n\n▫️اکنون رژیم همان‌گونه که جنگ را به فرصتی برای اعدام رزم‌آوران ارتش آزادی و جوانان شورشگر تبدیل کرده، از شرایط جنگی برای اخراج کارگران و سلب حقوق و آزادی‌هایشان سوءاستفاده می‌کند.\n#مريم_رجوى \n#روز_جهانی_کارگر https://t.co/CLSnxeFJCJ	https://x.com/RezaRanjbar1405/status/2050095010511516081
Fri May 01 05:50:15 +0000 2026	nujinha_p	1	0	اول مه امسال برای کارگران ایران یادآور بیکاری، ناامنی شغلی و فشار معیشتی است؛ بحرانی که پس از جنگ و رکود اقتصادی، زندگی بسیاری از خانواده‌های کارگری را به مرز فروپاشی رسانده است.\n\nhttps://t.co/T7nu0IxUPc https://t.co/UJE2NPYg2d	https://x.com/nujinha_p/status/2050090402271612968
Fri May 01 05:49:45 +0000 2026	iranhrs99	4	3	روز جهانی کارگر در سایه جنگ و بحران؛ کارگران ایران در خط مقدم فقر، بیکاری و ناامنی\n\nکانون حقوق بشر ایران، جمعه ۱۱ اردیبهشت‌ماه ۱۴۰۵ - در آستانه فرارسیدن #روز_جهانی_کارگر، طبقه کارگر ایران با بحرانی چندلایه و بی‌سابقه روبه‌روست؛ بحرانی که از هم‌پوشانی #جنگ، فروپاشی اقتصادی، بیکاری https://t.co/0pferhxm4t	https://x.com/iranhrs99/status/2050090276207669641
Fri May 01 05:04:51 +0000 2026	sadeghjavadi5	2	1	مریم رجوی: پیام به‌مناسبت #روز_جهانی_کارگر\n\n▫️اکنون رژیم همان‌گونه که جنگ را به فرصتی برای اعدام رزم‌آوران ارتش آزادی و جوانان شورشگر تبدیل کرده، از شرایط جنگی برای اخراج کارگران و سلب حقوق و آزادی‌هایشان سوءاستفاده می‌کند. https://t.co/4Q1nMl8bld	https://x.com/sadeghjavadi5/status/2050078977482514772
Fri May 01 04:59:34 +0000 2026	zan_naser_shah	23	0	@reybaaa خوبه ورزش میکنی و روحیه داری ولی خودنمایی توی وصعیتی که بیشتر هموطنانت دچار بی پولی و استرس بیکاری هستن و باشگاه رفتن حز اخرین دغدغه هاشونه خیلی کار چیپیه!\nملت واسه بقا میجنگن و زیر اضطراب جنگ له شدن	https://x.com/zan_naser_shah/status/2050077648261460417
Fri May 01 04:48:54 +0000 2026	mortezarezaza18	1	0	@D_modaresian اره آنها هم بیکار نشستن تا شما حمله کنید\nبعد به فکر تبعات حمله به جاهایی که گفتید هستید \nدر جریان هستید تا الان چند نفر به خاطر جنگ بیکار شدند ؟\nمی دونی بیکاری و گرانی قیمت ها یعنی چه \nمی دونی نابودی صنایع نفت و گاز و فولاد کشور  یعنی چه .\nکلا از تبعات اجتماعی بیکاری خبر داری ؟	https://x.com/mortezarezaza18/status/2050074963441340689
Fri May 01 04:27:53 +0000 2026	Farnazmhm	0	0	با پدرم تو ایران حرف زدم،گرونی بیداد می کنه. حقوق ها رو ندادن، خیلی ها رو اخراج کردن گفتن بیمه بیکاری بگیرید. به خاطر قطعی اینترنت هم کلی کسب و کار خوابیده. هر روز هم که چندین نفر رو اعدام می کنن 😭 لعنت به جمهوری اسلامی که مردم ایران رو به این روز انداخته \n#DigitalBlackOutIran‌	https://x.com/Farnazmhm/status/2050069674797535234
Fri May 01 04:25:26 +0000 2026	notravelban	0	0	@SGhasseminejad شما نیاز نیست سازماندهی کنید. مگه جنگ هزینه نداره؟ برای کارگرهای فولاد که بیکار شدند دلار بفرستید.	https://x.com/notravelban/status/2050069056468766814
Fri May 01 03:38:27 +0000 2026	mobamoz	2	0	@soniJoOJe من با سه تا شغل مبتنی بر اینترنت کاملا بیکار و بی پول هستم ! \nیوتیوبرم که وضعیت مشخصه\nکافی نت دارم که بدلیل قطع بودن اکثرا سایتهای ایرانی و تعطیلی ادارات و مدارس عملا درآمدی ندارم\nمقاله نویسی هم‌میکردم که با وجود قطع اینترنت به فنا رفت! \nالان تماشگرم دارم طرف برنده رو تشویق میکنم	https://x.com/mobamoz/status/2050057234684486083
Fri May 01 03:20:33 +0000 2026	exstnsl	5	0	@1vavekhandan @LordM12345 همون نظر دادن در خصوص حمایت از جنگ با ج ا  دیگه. وگرنه حرف من که روی ترامپ اثری نداره. بمب هم رو سر من نمی ریزند ولی رو سر مادر و خانواده من که می‌ریزند(البته اگه بشه اسمش رو گذاشت رو سر مردم ریختن) . در ثانی من هنوز دارم با آوارگیم و سختی های فراوان مهاجرت, تاوان حضور ج ا رو	https://x.com/exstnsl/status/2050052730014855448
		0	0		https://x.com/unknown/status/
Fri May 01 02:43:37 +0000 2026	sattarkhan121	1	0	رئیس جمهوری ایالات متحده آمریکا پنج‌شنبه دهم اردیبهشت از رویکرد دولت آلمان در ارتباط با جنگ روسیه و اوکراین، خطر ایران و بحران بحران مربوط به امور مهاجرت و انرژی به شدت انتقاد کرد.\n\nترامپ در اظهاراتی بیان کرد که صدراعظم آلمان باید بر اصلاح کشور ویران شده‌اش تمرکز کند و وقت بیشتری https://t.co/OUN8RlYHAo	https://x.com/sattarkhan121/status/2050043436816879798
Fri May 01 02:33:42 +0000 2026	Arash_H_Navid	0	0	@javidsaz ینی هرکی هرجای دنیا الان رهبر یا شاه شده کل دوران سیاسیش یه بیل گرفته بوده دستش تا معلومشه بیکار نیست نه؟. بعد اونوقت میشه بگی رهبر به درک واصل شده چال نشدت چه گهی تو عمر نکبت بارش جز بدبختی مردم داشته؟. سی میلیون؟ باشه؛ یاد دفترچه بسیج های زمان جنگ میفته آدم. همونقدر فیک و زوری.	https://x.com/Arash_H_Navid/status/2050040939494711806
Fri May 01 02:08:47 +0000 2026	NillNarnia	2	0	تنها نتیجه ی این جنگ برای من \nاین بود که\nمن فهمیدم عاشق ایرانم🥲\n\nاحتمال مهاجرت معکوس بیش از ۶۰٪	https://x.com/NillNarnia/status/2050034667672285187
Fri May 01 01:41:19 +0000 2026	Tane_vahedeh	11	7	جنگ علیه ایران با هزاران کشته و مجروح، آسیب جدی به انواع گونه های زیستی، تخریب محیط زیست، بیکاری، گرانی و هزار مصیبت دیگر پایان یافت. باز هم در خاورمیانه. باز هم در سرزمین نفت و گاز و معادن. \nمردمان جهان وقت بیداری و به پا خواستن برای یک صلح جهانی است\n#سازمان_صلح_طاهری	https://x.com/Tane_vahedeh/status/2050027755106861070
Fri May 01 01:03:02 +0000 2026	Sieger_Land	3	1	@Alighazizade تو رسانه کار میکنی ، از این فرست استفاده کن و  از :\n- نه به اعدام بنویس\n- نه به جنگ بنویس\n- نه به توهم بنویس\nاز تشکیل صندوق کمک به آوارگان و انبوه بیکار شدگان جنگ بنویس\nو علیحسین ، برای آخرتت عزت انباشه کن.\nاخوند و بی بی جانت ، با همه جنایت هایشان ،\nگذرا هستند.	https://x.com/Sieger_Land/status/2050018121142997069
Fri May 01 00:56:58 +0000 2026	naderteyf	1	0	یازده اردیبهشت، اول ماه مه فرا رسید، روزی که طبقات کارگر در۱۶۳ کشور جهان دست از کار می‌کشند و با همبستگی بین‌المللی، صدای خود را علیه جور و نابرابری بلند می‌کنند. کارگران ایران بین دو یازده اردیبهشت و در پی دو جنگ ۱۲ و ۴۰ روزه وضعیت بدتری پیدا کرده‌اند. صدها هزار نفر بیکار و\n۱٫۵ https://t.co/xor7zhLnub	https://x.com/naderteyf/status/2050016595074810245
Fri May 01 00:55:31 +0000 2026	Fatimarezvanii1	3	0	۱۱۴ روزه که بیکار شدیم\n۱۱۴ روزه که درآمد قطع و صفر مطلق هست\n۱۱۴ روزه که با استرس زندگی میکنیم\n۱۱۴ روزه که حالمون بده\n۱۱۴ روز یعنی حدوداً یک سومِ یک سال\nیعنی حدوداً یک سومِ ۳۶۵ روز...\nو چند روز دیگه ادامه پیدا کنه\nاون «حدوداً» میشه دقیقاً یک سومِ یک سال\n#اینترنت	https://x.com/Fatimarezvanii1/status/2050016232498143563
		0	0		https://x.com/unknown/status/
Fri May 01 00:23:00 +0000 2026	AlArabiya_Fa	10	0	ترامپ از رویکرد آلمان درباره جنگ اوکراین، خطر ایران و بحران مهاجرت به شدت انتقاد کرد\nhttps://t.co/cJdtTcIHxR	https://x.com/AlArabiya_Fa/status/2050008049616572424
Thu Apr 30 23:57:20 +0000 2026	HadiZonouzi	23	0	معترضان گروه «کُد پینک» روز پنج‌شنبه در جریان جلسه کمیته نیروهای مسلح سنای آمریکا که با حضور پیت هگست، وزیر جنگ، برگزار شده بود، پس از ایجاد اخلال و سر دادن شعارهایی علیه رئیس پنتاگون، از محل جلسه اخراج شدند.\n\nگروه «کُد پینک» یک جنبش ضدجنگ مستقر در ایالات متحده است که به‌طور https://t.co/xG1EzAWW9d	https://x.com/HadiZonouzi/status/2050001587171733986
Thu Apr 30 23:54:36 +0000 2026	oh_meed	0	0	به مغزم که فکر میکنم احساس میکنم یه جور وظیفه دارم در قبالش. کل چیزهایی که ما آدما توشون دست و پا میزنیم، سیاست، کریر، مهاجرت، پول، جنگ، مسافرت، در مقابل زیبایی مغزمون کم‌رنگن. کارکردن توی دیپ‌مایند، برای مغز یه آدم با هوش معمولی underutilization ئه. عجیبه که به موجوداتی مثل ما	https://x.com/oh_meed/status/2050000898596687983
Thu Apr 30 23:47:03 +0000 2026	amirhosein97960	0	0	کمک های بشر دوستانه جهت خرید اینترنت و حمایت ، بعد از ۵ماه بیکاری از ابتدای اعتراضات دی ماه تا به امروز \nقدردان هموطنان و عزیزان همراه❤️\n\nCurrency :  BTC\nNetwork: BTC\nAddress: \n\nbc1q52syu6smfse4yzjxsvgzvx02cmu24g2jx9gyc2\n\nبه آدرس فوق میتونید کمک کنید❤️\nسپاس	https://x.com/amirhosein97960/status/2049998999407505450
Thu Apr 30 23:01:42 +0000 2026	xTaraanehx	1	0	@lfate_mehl فدای ایران نکردید ، فدای جمهوری اسلامی کردید بیکار شدی حتما پیگیر جانبازان جنگ ایران و عراق شو ببین حکومتی که سنگش و به سینه میزنی وقتی استفاده ابزاریش ازشون تمام شد باهاشون چطور رفتار کرد جانباز که میگم نه اونهایی که به سفره انقلاب چنگ زدن و آش و با جاش  خوردنا اونهایی که جانباز	https://x.com/xTaraanehx/status/2049987589256499404
Thu Apr 30 22:58:42 +0000 2026	ShCommunist	0	0	( 2-1 )\n\nاطلاعیه مشترک به مناسبت اول ماه مه\n\n(از متن اطلاعیه)…↙️اول #ماه_مه امسال باید روز اعتراض علیه فقر، جنگ، سرکوب، اعدام، بیکاری، ستم ملی و نابرابری باشد؛ روزی برای اعلام اینکه کارگران تنها قربانیان این بحران‌ها نیستند، بلکه می‌توانند نیروی اصلی ساختن آینده‌ای بهتر باشند. https://t.co/XyWiYLmczW	https://x.com/ShCommunist/status/2049986832654360800
Thu Apr 30 22:45:47 +0000 2026	mortezakhabazi	0	0	یکی از دوستان نویسنده‌ام که همیشه در برابر #مهاجرت لحنش تلخ می‌شد و می‌گفت از ایران نمی‌روم، بعد از ماجرای #اینترنت به شکل کاملا جدی به فکر مهاجرت افتاده... از دست دادن #نویسنده ضربه‌ای به فرهنگ است که کمتر کسی به آن توجه دارد\n@S_A_Salehi	https://x.com/mortezakhabazi/status/2049983583654179306
		0	0		https://x.com/unknown/status/
Thu Apr 30 22:15:46 +0000 2026	NadrakD	1	0	@persian431775 @Alighazizade شما چرا قبول کردین!؟ مگه رهبرتون کصپر نشد!؟ مگه مقامات و فرماندهاتون لت و پار نشدن؟مگه دست بالا نداشتین؟چرا مثل جنگ ۱۲ روزه در جا قبول کردین!؟ چرا مذاکره میکنید با قاتل رهبرتون!؟ مگه پیروز نشدین!؟ ادامه بدین تا اخراج امریکا از منطقه!! برو کصشعر تفت نده رانتی دوزاری سلطنت اسلامی	https://x.com/NadrakD/status/2049976027120578640
Thu Apr 30 21:58:18 +0000 2026	tamaamtamaa	2	0	@itsfaezehhh نه، چون درگیر بیکاری و تورم و تعدیل و اخراج و سوگی بودن که جنگ هم "یکی" از دلایلش بود.	https://x.com/tamaamtamaa/status/2049971632446271625
Thu Apr 30 21:36:27 +0000 2026	RaminBniameryan	0	0	📌#مریم_رجوی :\nاکنون رژیم همان‌گونه که جنگ را به فرصتی برای اعدام رزم‌آوران ارتش آزادی وجوانان شورشگر تبدیل کرده، ازشرایط جنگی برای اخراج کارگران وسلب حقوق وآزادی‌هایشان سوءاستفاده میکند. با قطع اینترنت، انبوهی ازکسب وکارها تعطیل وبسیاری شغل خود را ازدست..\nhttps://t.co/cnRQ2hoFbY	https://x.com/RaminBniameryan/status/2049966133357183356
Thu Apr 30 21:24:43 +0000 2026	AanSooyeKhat	1	1	نوع نگاه #مهاجران_ایرانی به #ایران و کشور مقصد مهاجرتشون و کلا ارزشهای غربی، میتونه بر نوع نگاهشون به #جنگ تاثیر بذاره.\n\nکسی که به #ایران میگه «خراب شده»، احتمالا آمادگی بیشتری داره که #ایران واقعا ویران بشه.\n\nhttps://t.co/Y3KTzbsa2O\n\n#مهاجرت #پادکست #آن_سوی_خط https://t.co/ie0bsrnz2N	https://x.com/AanSooyeKhat/status/2049963181393449318
Thu Apr 30 21:22:47 +0000 2026	Bahare76hk	1	0	@Hadis_Jahaan چه با توافق چه با جنگ.\nاین صرفا باعث میشه حکومت از داخل وحشی‌تر بشه و مردم روز به روز هزینه جنگ، بیکاری و گرونی بدن، اما آخوند هم بمونه.\nدر کل، به نظر نمی‌رسه منافع ما با آمریکا یکی باشه و خب بحثی هم روی این ندارم، چون در کل جنگ خارجی تصمیم‌گیرنده ما نیستیم.	https://x.com/Bahare76hk/status/2049962693017076101
Thu Apr 30 21:12:47 +0000 2026	mehr_naseri	0	0	برگزاری تجمعات حمایتی با صدای بلند که موجب نارضایتی ساکنان محلی می‌شود، در کنار محدودیت اینترنت، افزایش بیکاری و تشدید سانسور، پرسش‌برانگیزه.\nاگر اینترنت از نظر امنیتی مسئله‌س، چرا نسخه‌های پرهزینه‌تر (پرو) بدون همین محدودیت‌ها ارائه می‌شود؟ مسئله امنیته یا نوعی تمایز در دسترسی؟	https://x.com/mehr_naseri/status/2049960178150219831
Thu Apr 30 21:08:33 +0000 2026	MareLontano	695	57	در خبرها اومده که پهپادهای شناسایی به آسمان تهران رسیدند و صدای پدافند در بسیاری از نقاط شهر شنیده شد.\nاین‌بار نمی‌خوام از پیامدهای ترسناک جنگ بگم. هرکی می‌خواست، به‌راحتی با این‌همه گرانی، سرکوب، بیکاری و کمبود اقلام ضروری می‌تونست بفهمه و ببینه.\nاما این‌بار فقط یک حرف دارم:\nاگر	https://x.com/MareLontano/status/2049959111614517473
Thu Apr 30 20:49:18 +0000 2026	DanyalNby29081	0	1	🔴 جنگ و بحران؛ معیشت کارگران در ایران؟\n💢 گفتگو تلویزیون ایران آزادی با آقای دکتر سینا دشتی\nبررسی ابعاد واقعی بحران معیشت و بیکاری کارگران در ایران را بررسی می‌کند.\n🔴 به ما در یوتیوب بپیوندید:👇👇👇\nhttps://t.co/2Hk9U5ZP9z https://t.co/gnxBufKmsf	https://x.com/DanyalNby29081/status/2049954267625050370
Thu Apr 30 20:13:10 +0000 2026	Amirhap7	18	0	خبر و توییت بیکاری دوستان، افراد اونم تو اوج مشکلات و قسط بخاطر قطعی اینترنت میخونم دلم کباب میشه.	https://x.com/Amirhap7/status/2049945174273307096
